Timestamp,avg-block-size
2009-02-15 23:00:00,0.00022412440230706206
2009-02-18 23:00:00,0.0002243683175268736
2009-02-21 23:00:00,0.00022409991900038982
2009-02-24 23:00:00,0.0002238389976943803
2009-02-27 23:00:00,0.00022409634111963462
2009-03-02 23:00:00,0.000223457968956493
2009-03-05 23:00:00,0.0002238165400056635
2009-03-09 00:00:00,0.00022475617583035722
2009-03-12 00:00:00,0.00022262552842319016
2009-03-15 00:00:00,0.00022276038682757669
2009-03-18 00:00:00,0.0002238394530154894
2009-03-21 00:00:00,0.00022378422297395612
2009-03-24 00:00:00,0.00022365585221350835
2009-03-27 00:00:00,0.00022415265078763394
2009-03-30 00:00:00,0.00022363679605625424
2009-04-02 00:00:00,0.00022446303720626736
2009-04-05 00:00:00,0.0002228972962409288
2009-04-08 00:00:00,0.00022249858421409112
2009-04-11 00:00:00,0.00022250228180374954
2009-04-14 00:00:00,0.00022254548937723122
2009-04-17 00:00:00,0.00022101697257817992
2009-04-20 00:00:00,0.0002206017552992381
2009-04-23 00:00:00,0.00022399261387964057
2009-04-26 00:00:00,0.000223061768540695
2009-04-29 00:00:00,0.0002229093231834475
2009-05-02 00:00:00,0.00022239919486978567
2009-05-05 00:00:00,0.0002240808789781753
2009-05-08 00:00:00,0.0002238515105419904
2009-05-11 00:00:00,0.00022383483769776848
2009-05-14 00:00:00,0.00022365303002776072
2009-05-17 00:00:00,0.00022412134893661008
2009-05-20 00:00:00,0.00022365039074555095
2009-05-23 00:00:00,0.0002198811939758993
2009-05-26 00:00:00,0.00021989255589941885
2009-05-29 00:00:00,0.00021935718997051918
2009-06-01 00:00:00,0.00022091156455187423
2009-06-04 00:00:00,0.00021936859649711522
2009-06-07 00:00:00,0.00021905063920152346
2009-06-10 00:00:00,0.00021906151778918896
2009-06-13 00:00:00,0.00021863476450546284
2009-06-16 00:00:00,0.00021814998755219237
2009-06-19 00:00:00,0.00021813073369623902
2009-06-22 00:00:00,0.0002181156781590581
2009-06-25 00:00:00,0.0002213069016083294
2009-06-28 00:00:00,0.0002224290359539974
2009-07-01 00:00:00,0.00022069416468242382
2009-07-04 00:00:00,0.00022077024545559946
2009-07-07 00:00:00,0.00022079471916113384
2009-07-10 00:00:00,0.00022079943433511468
2009-07-13 00:00:00,0.000220795793355478
2009-07-16 00:00:00,0.00022082076044153203
2009-07-19 00:00:00,0.00022080277236185848
2009-07-22 00:00:00,0.0002274411866602567
2009-07-25 00:00:00,0.00022422425222746087
2009-07-28 00:00:00,0.0002230932707914795
2009-07-31 00:00:00,0.00022365106914262314
2009-08-03 00:00:00,0.00022342151936117946
2009-08-06 00:00:00,0.00022339975816622183
2009-08-09 00:00:00,0.0002287221840501442
2009-08-12 00:00:00,0.00022873073722516586
2009-08-15 00:00:00,0.00022870638243531238
2009-08-18 00:00:00,0.0002287099598753169
2009-08-21 00:00:00,0.00022204987818174639
2009-08-24 00:00:00,0.0002220003798660042
2009-08-27 00:00:00,0.0002260602383705435
2009-08-30 00:00:00,0.0002250483324328217
2009-09-02 00:00:00,0.0002253947238423603
2009-09-05 00:00:00,0.00022630247608557431
2009-09-08 00:00:00,0.00022162943347401776
2009-09-11 00:00:00,0.00022161174780757203
2009-09-14 00:00:00,0.00022162611584963348
2009-09-17 00:00:00,0.00022175529472227962
2009-09-20 00:00:00,0.00022640297939931212
2009-09-23 00:00:00,0.00023283425401841287
2009-09-26 00:00:00,0.00022988482227543432
2009-09-29 00:00:00,0.00023061425123817767
2009-10-02 00:00:00,0.00023217227914770191
2009-10-05 00:00:00,0.00023180213222831098
2009-10-08 00:00:00,0.0002325514962460194
2009-10-11 00:00:00,0.00023253727992696824
2009-10-14 00:00:00,0.00023748388429870292
2009-10-17 00:00:00,0.00024257963567469619
2009-10-20 00:00:00,0.00023832280872773768
2009-10-23 00:00:00,0.00023863324707159992
2009-10-26 00:00:00,0.00023798767270316457
2009-10-29 00:00:00,0.00023827057225592855
2009-11-01 00:00:00,0.00023987769023777646
2009-11-03 23:00:00,0.00023930738813276867
2009-11-06 23:00:00,0.00024049145949926507
2009-11-09 23:00:00,0.00024049006680113512
2009-11-12 23:00:00,0.0002393673634065822
2009-11-15 23:00:00,0.00023490742537781033
2009-11-18 23:00:00,0.00023452360210319843
2009-11-21 23:00:00,0.00023314839829035404
2009-11-24 23:00:00,0.00023267946976575214
2009-11-27 23:00:00,0.0002316585902153144
2009-11-30 23:00:00,0.00022814274314901964
2009-12-03 23:00:00,0.0002371096648669749
2009-12-06 23:00:00,0.0002357658411117664
2009-12-09 23:00:00,0.00023847112785888537
2009-12-12 23:00:00,0.00023697699175193683
2009-12-15 23:00:00,0.0002491257423303787
2009-12-18 23:00:00,0.00024992394629576314
2009-12-21 23:00:00,0.0002446799460441535
2009-12-24 23:00:00,0.0002446784211200289
2009-12-27 23:00:00,0.000244884670761153
2009-12-30 23:00:00,0.00024488741000355054
2010-01-02 23:00:00,0.0002360234416588018
2010-01-05 23:00:00,0.00023654409699683983
2010-01-08 23:00:00,0.00023384663534929432
2010-01-11 23:00:00,0.00023150956962185047
2010-01-14 23:00:00,0.00022420695875535358
2010-01-17 23:00:00,0.00022377448009396286
2010-01-20 23:00:00,0.00022373967554643626
2010-01-23 23:00:00,0.00022467357361863696
2010-01-26 23:00:00,0.00022618252750487272
2010-01-29 23:00:00,0.0002275254376412364
2010-02-01 23:00:00,0.00022916129189650867
2010-02-04 23:00:00,0.00022876362727192073
2010-02-07 23:00:00,0.0002339531006923453
2010-02-10 23:00:00,0.00025791646774205783
2010-02-13 23:00:00,0.00025679588654988427
2010-02-16 23:00:00,0.000260175761442411
2010-02-19 23:00:00,0.0002620252501679941
2010-02-22 23:00:00,0.0002674781647433684
2010-02-25 23:00:00,0.00027181712396344497
2010-02-28 23:00:00,0.00027387211543675297
2010-03-03 23:00:00,0.00027681866819543975
2010-03-06 23:00:00,0.00028559140433758617
2010-03-09 23:00:00,0.0002906251247614077
2010-03-12 23:00:00,0.0002698811155232979
2010-03-16 00:00:00,0.00026697575719749044
2010-03-19 00:00:00,0.00026715616375716175
2010-03-22 00:00:00,0.00027044981271959776
2010-03-25 00:00:00,0.00026745880787670584
2010-03-28 00:00:00,0.0002708244474985932
2010-03-31 00:00:00,0.0002695718017730593
2010-04-03 00:00:00,0.00026669268309249887
2010-04-06 00:00:00,0.0002631220757189152
2010-04-09 00:00:00,0.0002593521816862469
2010-04-12 00:00:00,0.00026871489647924184
2010-04-15 00:00:00,0.00027518835065283977
2010-04-18 00:00:00,0.0002915016353543258
2010-04-21 00:00:00,0.00041011140834462727
2010-04-24 00:00:00,0.0004149838474007292
2010-04-27 00:00:00,0.0004189775593360774
2010-04-30 00:00:00,0.00042563288161663013
2010-05-03 00:00:00,0.000429057334306395
2010-05-06 00:00:00,0.0004388023380122028
2010-05-09 00:00:00,0.00045065013909296753
2010-05-12 00:00:00,0.00044936696928499464
2010-05-15 00:00:00,0.0004952846846812526
2010-05-18 00:00:00,0.0005480775887944928
2010-05-21 00:00:00,0.00043447864119947494
2010-05-24 00:00:00,0.0004438267364571647
2010-05-27 00:00:00,0.00044039900699808756
2010-05-30 00:00:00,0.00044361032060550443
2010-06-02 00:00:00,0.0004493101148082983
2010-06-05 00:00:00,0.0004466570048005952
2010-06-08 00:00:00,0.00044393479992551666
2010-06-11 00:00:00,0.0004450204594569575
2010-06-14 00:00:00,0.0004059026266855248
2010-06-17 00:00:00,0.0003519534414276665
2010-06-20 00:00:00,0.00035806318038607537
2010-06-23 00:00:00,0.00035488046778123006
2010-06-26 00:00:00,0.00035766619624959646
2010-06-29 00:00:00,0.0003556985043630736
2010-07-02 00:00:00,0.00039007511170849454
2010-07-05 00:00:00,0.0004045816503476834
2010-07-08 00:00:00,0.0004034942937044172
2010-07-11 00:00:00,0.0004027671362674025
2010-07-14 00:00:00,0.00043090169336467294
2010-07-17 00:00:00,0.0005346406740192102
2010-07-20 00:00:00,0.000577237432941963
2010-07-23 00:00:00,0.0006166373975820976
2010-07-26 00:00:00,0.0007583247723638456
2010-07-29 00:00:00,0.000899522536060961
2010-08-01 00:00:00,0.0009507186149359124
2010-08-04 00:00:00,0.0009574451060574092
2010-08-07 00:00:00,0.0009938515369664344
2010-08-10 00:00:00,0.0010517610455275685
2010-08-13 00:00:00,0.001034958597151258
2010-08-16 00:00:00,0.0009483610063731393
2010-08-19 00:00:00,0.0009922586780199763
2010-08-22 00:00:00,0.0009754858223820487
2010-08-25 00:00:00,0.0008593656290933483
2010-08-28 00:00:00,0.0007349873726286746
2010-08-31 00:00:00,0.000673365300739975
2010-09-03 00:00:00,0.0006995356429108924
2010-09-06 00:00:00,0.000675823926808811
2010-09-09 00:00:00,0.0006358283843454402
2010-09-12 00:00:00,0.0006474667854442271
2010-09-15 00:00:00,0.0006588692635071358
2010-09-18 00:00:00,0.0006026983968689899
2010-09-21 00:00:00,0.0005992241620011112
2010-09-24 00:00:00,0.0006604273237234727
2010-09-27 00:00:00,0.0006778640598277548
2010-09-30 00:00:00,0.0007674354458016591
2010-10-03 00:00:00,0.0008072848442722075
2010-10-06 00:00:00,0.0008535984196677682
2010-10-09 00:00:00,0.0008772359879373505
2010-10-12 00:00:00,0.0008909184928091782
2010-10-15 00:00:00,0.0008929745238730756
2010-10-18 00:00:00,0.0008777226552000566
2010-10-21 00:00:00,0.0009148291888686627
2010-10-24 00:00:00,0.0008982977005554345
2010-10-27 00:00:00,0.000901793847824616
2010-10-30 00:00:00,0.0008347123671955142
2010-11-02 00:00:00,0.0007654879879914824
2010-11-05 00:00:00,0.0007199004194337488
2010-11-07 23:00:00,0.0007038631656490547
2010-11-10 23:00:00,0.0006954630746355267
2010-11-13 23:00:00,0.0006716843853641813
2010-11-16 23:00:00,0.0012954524897286447
2010-11-19 23:00:00,0.0017519079307099761
2010-11-22 23:00:00,0.0028511390558989035
2010-11-25 23:00:00,0.0033075108707212963
2010-11-28 23:00:00,0.0033410749631885357
2010-12-01 23:00:00,0.0033613736465166128
2010-12-04 23:00:00,0.0033772812626751266
2010-12-07 23:00:00,0.00337670457762734
2010-12-10 23:00:00,0.0033779913904015886
2010-12-13 23:00:00,0.0034562127989809246
2010-12-16 23:00:00,0.002874159853735428
2010-12-19 23:00:00,0.0024218241596095425
2010-12-22 23:00:00,0.0013464519085754668
2010-12-25 23:00:00,0.0009245733931218543
2010-12-28 23:00:00,0.0009242924636430372
2010-12-31 23:00:00,0.0009502094673057472
2011-01-03 23:00:00,0.0010386848235331052
2011-01-06 23:00:00,0.0011730986389314646
2011-01-09 23:00:00,0.0013104658579944904
2011-01-12 23:00:00,0.0014019320024570177
2011-01-15 23:00:00,0.0015067322480870145
2011-01-18 23:00:00,0.0015727600876063738
2011-01-21 23:00:00,0.0016210730150182952
2011-01-24 23:00:00,0.00177317613158523
2011-01-27 23:00:00,0.0018346363068018985
2011-01-30 23:00:00,0.0021196863196700426
2011-02-02 23:00:00,0.002216187589307523
2011-02-05 23:00:00,0.0021773605495727434
2011-02-08 23:00:00,0.0021287612037403842
2011-02-11 23:00:00,0.0022270934065190123
2011-02-14 23:00:00,0.0023467107222861798
2011-02-17 23:00:00,0.002466790381887507
2011-02-20 23:00:00,0.0025991846602510652
2011-02-23 23:00:00,0.0026417022527910803
2011-02-26 23:00:00,0.002742648327747726
2011-03-01 23:00:00,0.0028071020858134676
2011-03-04 23:00:00,0.002957246150505826
2011-03-07 23:00:00,0.0030837879434055596
2011-03-10 23:00:00,0.003374195765414635
2011-03-14 00:00:00,0.0036498758688592045
2011-03-17 00:00:00,0.004091353932079442
2011-03-20 00:00:00,0.004508510097143268
2011-03-23 00:00:00,0.005099326077250971
2011-03-26 00:00:00,0.0054243806264665986
2011-03-29 00:00:00,0.005856059977465842
2011-04-01 00:00:00,0.005864372709604064
2011-04-04 00:00:00,0.005817002976773502
2011-04-07 00:00:00,0.005972197289678235
2011-04-10 00:00:00,0.005935973135510972
2011-04-13 00:00:00,0.005819578689651357
2011-04-16 00:00:00,0.005667324460158012
2011-04-19 00:00:00,0.005574132954647646
2011-04-22 00:00:00,0.005407695452151789
2011-04-25 00:00:00,0.005308116929384116
2011-04-28 00:00:00,0.005374282516385938
2011-05-01 00:00:00,0.005713166502043382
2011-05-04 00:00:00,0.0060703194422424035
2011-05-07 00:00:00,0.0062606635770516795
2011-05-10 00:00:00,0.006449665798072378
2011-05-13 00:00:00,0.006759532776517588
2011-05-16 00:00:00,0.006979803909207573
2011-05-19 00:00:00,0.007160847076646456
2011-05-22 00:00:00,0.007428594555548437
2011-05-25 00:00:00,0.007705122408438529
2011-05-28 00:00:00,0.007916020572525495
2011-05-31 00:00:00,0.008380412076856391
2011-06-03 00:00:00,0.009265153897361786
2011-06-06 00:00:00,0.010392347635805071
2011-06-09 00:00:00,0.012130422394661215
2011-06-12 00:00:00,0.013419099132845181
2011-06-15 00:00:00,0.014825537637415266
2011-06-18 00:00:00,0.016572947913683935
2011-06-21 00:00:00,0.017735515461796882
2011-06-24 00:00:00,0.018584298534127124
2011-06-27 00:00:00,0.020160974342880524
2011-06-30 00:00:00,0.02171875157795873
2011-07-03 00:00:00,0.022442360261368477
2011-07-06 00:00:00,0.02313786026053951
2011-07-09 00:00:00,0.02351145742936406
2011-07-12 00:00:00,0.024062056702321068
2011-07-15 00:00:00,0.024190175906793503
2011-07-18 00:00:00,0.023839711178426846
2011-07-21 00:00:00,0.024416618990576577
2011-07-24 00:00:00,0.02517011832599102
2011-07-27 00:00:00,0.02492595384417663
2011-07-30 00:00:00,0.024230262464070482
2011-08-02 00:00:00,0.02389213060116946
2011-08-05 00:00:00,0.023923158491139632
2011-08-08 00:00:00,0.023572670283810736
2011-08-11 00:00:00,0.023563107262546196
2011-08-14 00:00:00,0.023502504179261592
2011-08-17 00:00:00,0.02409799763546317
2011-08-20 00:00:00,0.023844693708759787
2011-08-23 00:00:00,0.023497327560500367
2011-08-26 00:00:00,0.023440541740542158
2011-08-29 00:00:00,0.023622849977525128
2011-09-01 00:00:00,0.023832844581280977
2011-09-04 00:00:00,0.023330250793300977
2011-09-07 00:00:00,0.023743405083948645
2011-09-10 00:00:00,0.023452516491507248
2011-09-13 00:00:00,0.023433846049262116
2011-09-16 00:00:00,0.022495753249744597
2011-09-19 00:00:00,0.021841025971710292
2011-09-22 00:00:00,0.02238689945843353
2011-09-25 00:00:00,0.022092887116306432
2011-09-28 00:00:00,0.02168746634550669
2011-10-01 00:00:00,0.021320289633253612
2011-10-04 00:00:00,0.021061507268855032
2011-10-07 00:00:00,0.02028612998687843
2011-10-10 00:00:00,0.019805718014981478
2011-10-13 00:00:00,0.019864136638041485
2011-10-16 00:00:00,0.01996528713786063
2011-10-19 00:00:00,0.020085838448605304
2011-10-22 00:00:00,0.01911926803454437
2011-10-25 00:00:00,0.019232497803750286
2011-10-28 00:00:00,0.019172844331831453
2011-10-31 00:00:00,0.019401647015022998
2011-11-03 00:00:00,0.01923631025640041
2011-11-06 00:00:00,0.019088065410433307
2011-11-08 23:00:00,0.018890523025686723
2011-11-11 23:00:00,0.018386578068119767
2011-11-14 23:00:00,0.018079491845080606
2011-11-17 23:00:00,0.01785889308863075
2011-11-20 23:00:00,0.01789977547133093
2011-11-23 23:00:00,0.017500282514053236
2011-11-26 23:00:00,0.01747184866552698
2011-11-29 23:00:00,0.017417315631660272
2011-12-02 23:00:00,0.01770724366155275
2011-12-05 23:00:00,0.017516799748850616
2011-12-08 23:00:00,0.01774270598028322
2011-12-11 23:00:00,0.017575544140789694
2011-12-14 23:00:00,0.017716619098987873
2011-12-17 23:00:00,0.017706464013658097
2011-12-20 23:00:00,0.017889357308715128
2011-12-23 23:00:00,0.01788671505969027
2011-12-26 23:00:00,0.017408347636803597
2011-12-29 23:00:00,0.016987233658394354
2012-01-01 23:00:00,0.016753533606943507
2012-01-04 23:00:00,0.016984789388520802
2012-01-07 23:00:00,0.017217730179275904
2012-01-10 23:00:00,0.017895999940419616
2012-01-13 23:00:00,0.018435016964658567
2012-01-16 23:00:00,0.0187335729619888
2012-01-19 23:00:00,0.019060228547449265
2012-01-22 23:00:00,0.01924452903305356
2012-01-25 23:00:00,0.020057070000556596
2012-01-28 23:00:00,0.020567784077940233
2012-01-31 23:00:00,0.020815572638161008
2012-02-03 23:00:00,0.021037274823410036
2012-02-06 23:00:00,0.020970457877351283
2012-02-09 23:00:00,0.020837811928620966
2012-02-12 23:00:00,0.02086566341363412
2012-02-15 23:00:00,0.0217888139179634
2012-02-18 23:00:00,0.021860201569245365
2012-02-21 23:00:00,0.021952310392512938
2012-02-24 23:00:00,0.02195411038525742
2012-02-27 23:00:00,0.021725257498778128
2012-03-01 23:00:00,0.021837526950584957
2012-03-04 23:00:00,0.022053431716846497
2012-03-07 23:00:00,0.022249711043399924
2012-03-10 23:00:00,0.02193268075257041
2012-03-14 00:00:00,0.02165926220484531
2012-03-17 00:00:00,0.021095732951818612
2012-03-20 00:00:00,0.020694500667014278
2012-03-23 00:00:00,0.020671398829602883
2012-03-26 00:00:00,0.02033247392647821
2012-03-29 00:00:00,0.02057153735726964
2012-04-01 00:00:00,0.020615694018361077
2012-04-04 00:00:00,0.02069751101032624
2012-04-07 00:00:00,0.021091474070642536
2012-04-10 00:00:00,0.021167533978281604
2012-04-13 00:00:00,0.021802025801325335
2012-04-16 00:00:00,0.022132704326838455
2012-04-19 00:00:00,0.023259005727079562
2012-04-22 00:00:00,0.023798544459540865
2012-04-25 00:00:00,0.024359942811282544
2012-04-28 00:00:00,0.02492230275530305
2012-05-01 00:00:00,0.02505202145802447
2012-05-04 00:00:00,0.025931897618606037
2012-05-07 00:00:00,0.026902473463625287
2012-05-10 00:00:00,0.0295829313793773
2012-05-13 00:00:00,0.032319250199408976
2012-05-16 00:00:00,0.036703504489990366
2012-05-19 00:00:00,0.04086638208516566
2012-05-22 00:00:00,0.04887274331557234
2012-05-25 00:00:00,0.05580748168096197
2012-05-28 00:00:00,0.06142194149710513
2012-05-31 00:00:00,0.06884725504204695
2012-06-03 00:00:00,0.07171471550020722
2012-06-06 00:00:00,0.0799287427132449
2012-06-09 00:00:00,0.08296399273182775
2012-06-12 00:00:00,0.08713493614732627
2012-06-15 00:00:00,0.09335328746920503
2012-06-18 00:00:00,0.09933157386696953
2012-06-21 00:00:00,0.09945577779313618
2012-06-24 00:00:00,0.09807055762267189
2012-06-27 00:00:00,0.09812910199655149
2012-06-30 00:00:00,0.09635802115612206
2012-07-03 00:00:00,0.0967828797875804
2012-07-06 00:00:00,0.09149945775450304
2012-07-09 00:00:00,0.09019013561262684
2012-07-12 00:00:00,0.08965069553742698
2012-07-15 00:00:00,0.08312541945384978
2012-07-18 00:00:00,0.078919511234826
2012-07-21 00:00:00,0.07885457522526451
2012-07-24 00:00:00,0.08076800201749519
2012-07-27 00:00:00,0.08001438868846995
2012-07-30 00:00:00,0.08040087402656641
2012-08-02 00:00:00,0.08468322299101176
2012-08-05 00:00:00,0.08621074853428638
2012-08-08 00:00:00,0.08889186401559318
2012-08-11 00:00:00,0.08815797535405677
2012-08-14 00:00:00,0.0911706661185207
2012-08-17 00:00:00,0.09448502595672342
2012-08-20 00:00:00,0.0948489130010684
2012-08-23 00:00:00,0.09471844508784075
2012-08-26 00:00:00,0.09592570703749682
2012-08-29 00:00:00,0.09597744740644883
2012-09-01 00:00:00,0.09483897696770847
2012-09-04 00:00:00,0.09659724634354082
2012-09-07 00:00:00,0.09818418868089193
2012-09-10 00:00:00,0.09840489384006414
2012-09-13 00:00:00,0.09809473583856479
2012-09-16 00:00:00,0.09524331143402756
2012-09-19 00:00:00,0.09205299456646822
2012-09-22 00:00:00,0.09122430862064553
2012-09-25 00:00:00,0.09040648474008497
2012-09-28 00:00:00,0.09056869205328291
2012-10-01 00:00:00,0.0883253748162688
2012-10-04 00:00:00,0.08856131271643887
2012-10-07 00:00:00,0.08912760768781407
2012-10-10 00:00:00,0.0919784556772162
2012-10-13 00:00:00,0.09170097137910473
2012-10-16 00:00:00,0.09203636062090063
2012-10-19 00:00:00,0.09461461348204749
2012-10-22 00:00:00,0.09579142949313654
2012-10-25 00:00:00,0.09903127981455574
2012-10-28 00:00:00,0.09745899255255447
2012-10-31 00:00:00,0.09741819397876468
2012-11-03 00:00:00,0.09621192875874854
2012-11-05 23:00:00,0.09318232243827926
2012-11-08 23:00:00,0.09224455336305129
2012-11-11 23:00:00,0.09094634126860664
2012-11-14 23:00:00,0.09003991594588036
2012-11-17 23:00:00,0.09187065097309939
2012-11-20 23:00:00,0.09290123481653041
2012-11-23 23:00:00,0.09240751876141245
2012-11-26 23:00:00,0.09614288691715797
2012-11-29 23:00:00,0.09848729386287647
2012-12-02 23:00:00,0.09852846499021171
2012-12-05 23:00:00,0.10176176399100961
2012-12-08 23:00:00,0.10289138640243524
2012-12-11 23:00:00,0.10679373514049575
2012-12-14 23:00:00,0.11298924717314789
2012-12-17 23:00:00,0.11418338389678657
2012-12-20 23:00:00,0.11893936215559002
2012-12-23 23:00:00,0.12246450092956544
2012-12-26 23:00:00,0.12371157541220662
2012-12-29 23:00:00,0.1266974598981384
2013-01-01 23:00:00,0.127570871373379
2013-01-04 23:00:00,0.12828918235721642
2013-01-07 23:00:00,0.12750341169023346
2013-01-10 23:00:00,0.13107118407061308
2013-01-13 23:00:00,0.13316320935531464
2013-01-16 23:00:00,0.1353982479905795
2013-01-19 23:00:00,0.1377302002243822
2013-01-22 23:00:00,0.1376607504844287
2013-01-25 23:00:00,0.14216892657885308
2013-01-28 23:00:00,0.14549125556245882
2013-01-31 23:00:00,0.14937878619823966
2013-02-03 23:00:00,0.153477908125306
2013-02-06 23:00:00,0.15681521297945697
2013-02-09 23:00:00,0.15934885321102848
2013-02-12 23:00:00,0.15930191432696833
2013-02-15 23:00:00,0.1591643859858808
2013-02-18 23:00:00,0.1541645871295742
2013-02-21 23:00:00,0.15506882806538794
2013-02-24 23:00:00,0.155076180910548
2013-02-27 23:00:00,0.15466312983645555
2013-03-02 23:00:00,0.15937403868539388
2013-03-05 23:00:00,0.1603532265672331
2013-03-08 23:00:00,0.16480034364233062
2013-03-12 00:00:00,0.163977609055679
2013-03-15 00:00:00,0.16371583063692852
2013-03-18 00:00:00,0.16012928081257766
2013-03-21 00:00:00,0.1584361655050426
2013-03-24 00:00:00,0.15613163010006087
2013-03-27 00:00:00,0.15514609484267955
2013-03-30 00:00:00,0.15759952221371373
2013-04-02 00:00:00,0.1550779140754218
2013-04-05 00:00:00,0.15724326822585394
2013-04-08 00:00:00,0.15711872497316887
2013-04-11 00:00:00,0.15812001987894359
2013-04-14 00:00:00,0.15885598099348405
2013-04-17 00:00:00,0.16431679754446424
2013-04-20 00:00:00,0.17017598437967765
2013-04-23 00:00:00,0.1716644237799684
2013-04-26 00:00:00,0.17498963810021884
2013-04-29 00:00:00,0.17108631662997306
2013-05-02 00:00:00,0.17189844120062622
2013-05-05 00:00:00,0.1704373453691428
2013-05-08 00:00:00,0.16819007017294751
2013-05-11 00:00:00,0.16797093272130784
2013-05-14 00:00:00,0.16850096097839376
2013-05-17 00:00:00,0.17191958553884215
2013-05-20 00:00:00,0.17068849906928713
2013-05-23 00:00:00,0.17355940947464737
2013-05-26 00:00:00,0.17057302783836928
2013-05-29 00:00:00,0.17139498507479806
2013-06-01 00:00:00,0.1702054969086535
2013-06-04 00:00:00,0.1647075394643152
2013-06-07 00:00:00,0.16251647949001852
2013-06-10 00:00:00,0.15836539611727116
2013-06-13 00:00:00,0.15191874421756166
2013-06-16 00:00:00,0.14239807841035246
2013-06-19 00:00:00,0.13960342341930776
2013-06-22 00:00:00,0.13750373802084423
2013-06-25 00:00:00,0.1338272653895754
2013-06-28 00:00:00,0.13131714037794986
2013-07-01 00:00:00,0.12698805987321524
2013-07-04 00:00:00,0.1251254589838023
2013-07-07 00:00:00,0.12015276115838093
2013-07-10 00:00:00,0.11555999555114167
2013-07-13 00:00:00,0.11596444313279375
2013-07-16 00:00:00,0.11538186597998898
2013-07-19 00:00:00,0.11303877772139594
2013-07-22 00:00:00,0.10677800206682811
2013-07-25 00:00:00,0.10675164090316015
2013-07-28 00:00:00,0.10556884113872707
2013-07-31 00:00:00,0.10493621396428802
2013-08-03 00:00:00,0.10705392147359519
2013-08-06 00:00:00,0.1100078414211274
2013-08-09 00:00:00,0.11379604761281768
2013-08-12 00:00:00,0.11197674895604127
2013-08-15 00:00:00,0.11532810628780893
2013-08-18 00:00:00,0.12021178962073321
2013-08-21 00:00:00,0.12677812458253096
2013-08-24 00:00:00,0.12827197680185756
2013-08-27 00:00:00,0.13107952290873662
2013-08-30 00:00:00,0.13622081514182346
2013-09-02 00:00:00,0.13461652255753734
2013-09-05 00:00:00,0.1353988591654455
2013-09-08 00:00:00,0.13735543499557282
2013-09-11 00:00:00,0.13984906420984075
2013-09-14 00:00:00,0.13665093418446697
2013-09-17 00:00:00,0.13385148955889362
2013-09-20 00:00:00,0.1340715444595036
2013-09-23 00:00:00,0.13288186258026707
2013-09-26 00:00:00,0.13164432248463803
2013-09-29 00:00:00,0.12927022958681014
2013-10-02 00:00:00,0.13113541729672668
2013-10-05 00:00:00,0.13291455511565892
2013-10-08 00:00:00,0.12986378972070545
2013-10-11 00:00:00,0.13045191310189336
2013-10-14 00:00:00,0.13148697981639426
2013-10-17 00:00:00,0.12949533909465172
2013-10-20 00:00:00,0.12749451975215984
2013-10-23 00:00:00,0.12841979805904835
2013-10-26 00:00:00,0.12952445619515635
2013-10-29 00:00:00,0.12889962449914985
2013-11-01 00:00:00,0.12948239497064587
2013-11-03 23:00:00,0.12543599951263076
2013-11-06 23:00:00,0.12900781991454327
2013-11-09 23:00:00,0.13736349491690097
2013-11-12 23:00:00,0.14112264465028435
2013-11-15 23:00:00,0.14821187998787858
2013-11-18 23:00:00,0.151755028929118
2013-11-21 23:00:00,0.16587853528586374
2013-11-24 23:00:00,0.1725077127443117
2013-11-27 23:00:00,0.18342624353594272
2013-11-30 23:00:00,0.19329213072933574
2013-12-03 23:00:00,0.20286672032377487
2013-12-06 23:00:00,0.20880376651311036
2013-12-09 23:00:00,0.20243895711740334
2013-12-12 23:00:00,0.20550171184129262
2013-12-15 23:00:00,0.2045764819590331
2013-12-18 23:00:00,0.2059035765533474
2013-12-21 23:00:00,0.19542868321100837
2013-12-24 23:00:00,0.1913620564555612
2013-12-27 23:00:00,0.1841001361131741
2013-12-30 23:00:00,0.1783021330115944
2014-01-02 23:00:00,0.1736182548928954
2014-01-05 23:00:00,0.17054097068131727
2014-01-08 23:00:00,0.17319337937350157
2014-01-11 23:00:00,0.16888218921347598
2014-01-14 23:00:00,0.1672408213172399
2014-01-17 23:00:00,0.16587276378917887
2014-01-20 23:00:00,0.1647361962966182
2014-01-23 23:00:00,0.16738324487391726
2014-01-26 23:00:00,0.16826140887990776
2014-01-29 23:00:00,0.17053026073879796
2014-02-01 23:00:00,0.17156281486479566
2014-02-04 23:00:00,0.17198634034081478
2014-02-07 23:00:00,0.17660691324685304
2014-02-10 23:00:00,0.18257616583638822
2014-02-13 23:00:00,0.18925980420761127
2014-02-16 23:00:00,0.1905498363871852
2014-02-19 23:00:00,0.19643874265909467
2014-02-22 23:00:00,0.1994437318606074
2014-02-25 23:00:00,0.20618459724016092
2014-02-28 23:00:00,0.2089156553263563
2014-03-03 23:00:00,0.22022170227216975
2014-03-06 23:00:00,0.23106766405008825
2014-03-10 00:00:00,0.23052702966013328
2014-03-13 00:00:00,0.2358986980715722
2014-03-16 00:00:00,0.23859247788883547
2014-03-19 00:00:00,0.23872978407391315
2014-03-22 00:00:00,0.23958420835988856
2014-03-25 00:00:00,0.2375103547067125
2014-03-28 00:00:00,0.23790011174636008
2014-03-31 00:00:00,0.23614842613352424
2014-04-03 00:00:00,0.22920259462312256
2014-04-06 00:00:00,0.2184915918186826
2014-04-09 00:00:00,0.2214556444637927
2014-04-12 00:00:00,0.21988318020887956
2014-04-15 00:00:00,0.21320798895279391
2014-04-18 00:00:00,0.2192705675695966
2014-04-21 00:00:00,0.21576099974441357
2014-04-24 00:00:00,0.21961460029990262
2014-04-27 00:00:00,0.2181953616815497
2014-04-30 00:00:00,0.21896124765441868
2014-05-03 00:00:00,0.22055761152923303
2014-05-06 00:00:00,0.2252096604343796
2014-05-09 00:00:00,0.22340608534646572
2014-05-12 00:00:00,0.21953424233135074
2014-05-15 00:00:00,0.22630775001313502
2014-05-18 00:00:00,0.22330684777521742
2014-05-21 00:00:00,0.22685935866417437
2014-05-24 00:00:00,0.2272507575816536
2014-05-27 00:00:00,0.22643690301707814
2014-05-30 00:00:00,0.23208760334870326
2014-06-02 00:00:00,0.23079208084261502
2014-06-05 00:00:00,0.22862378053072488
2014-06-08 00:00:00,0.22948757174569318
2014-06-11 00:00:00,0.2326282125420622
2014-06-14 00:00:00,0.23134582810984616
2014-06-17 00:00:00,0.22859307292451758
2014-06-20 00:00:00,0.22861954839568727
2014-06-23 00:00:00,0.22164807819384288
2014-06-26 00:00:00,0.21990936791934654
2014-06-29 00:00:00,0.21159307668034755
2014-07-02 00:00:00,0.2189052123304635
2014-07-05 00:00:00,0.22282659779239583
2014-07-08 00:00:00,0.22116899447667168
2014-07-11 00:00:00,0.224361092931464
2014-07-14 00:00:00,0.22192812883550195
2014-07-17 00:00:00,0.2291747315308383
2014-07-20 00:00:00,0.2280518168407437
2014-07-23 00:00:00,0.23491758932000392
2014-07-26 00:00:00,0.23996204236524116
2014-07-29 00:00:00,0.2443934882028242
2014-08-01 00:00:00,0.24055255880248536
2014-08-04 00:00:00,0.23639434960081426
2014-08-07 00:00:00,0.24445832319040547
2014-08-10 00:00:00,0.2410704595211741
2014-08-13 00:00:00,0.24341340543583936
2014-08-16 00:00:00,0.2451998719445085
2014-08-19 00:00:00,0.24824890583295448
2014-08-22 00:00:00,0.24781195122710603
2014-08-25 00:00:00,0.24529023659679622
2014-08-28 00:00:00,0.24822071227303585
2014-08-31 00:00:00,0.24438125794985968
2014-09-03 00:00:00,0.24859633256956956
2014-09-06 00:00:00,0.24354286271580916
2014-09-09 00:00:00,0.24523192648663275
2014-09-12 00:00:00,0.2507449610876984
2014-09-15 00:00:00,0.2462040554563723
2014-09-18 00:00:00,0.24928188003428747
2014-09-21 00:00:00,0.24761985656522992
2014-09-24 00:00:00,0.25102973772517007
2014-09-27 00:00:00,0.2540361744921859
2014-09-30 00:00:00,0.2647327003516769
2014-10-03 00:00:00,0.2693998430249232
2014-10-06 00:00:00,0.2718269265916241
2014-10-09 00:00:00,0.2778510268918269
2014-10-12 00:00:00,0.2764818342917485
2014-10-15 00:00:00,0.2848892617741901
2014-10-18 00:00:00,0.2864415447207572
2014-10-21 00:00:00,0.2933969060999742
2014-10-24 00:00:00,0.2974571808118386
2014-10-27 00:00:00,0.2971094729777822
2014-10-30 00:00:00,0.29861815680867637
2014-11-02 00:00:00,0.2951917271337605
2014-11-04 23:00:00,0.29817079513833183
2014-11-07 23:00:00,0.30195289910195655
2014-11-10 23:00:00,0.30506687717507464
2014-11-13 23:00:00,0.3113246142328096
2014-11-16 23:00:00,0.3132102183802447
2014-11-19 23:00:00,0.3183916159907166
2014-11-22 23:00:00,0.32118841921508445
2014-11-25 23:00:00,0.3275326998600983
2014-11-28 23:00:00,0.3284557477458591
2014-12-01 23:00:00,0.3369495445107418
2014-12-04 23:00:00,0.34763879526608477
2014-12-07 23:00:00,0.3463891503073639
2014-12-10 23:00:00,0.3507635933190479
2014-12-13 23:00:00,0.34431106204800965
2014-12-16 23:00:00,0.3537507120916918
2014-12-19 23:00:00,0.3623079387561058
2014-12-22 23:00:00,0.3654920462119621
2014-12-25 23:00:00,0.3607974056252787
2014-12-28 23:00:00,0.3551157524073259
2014-12-31 23:00:00,0.34860459749444017
2015-01-03 23:00:00,0.3320606653498496
2015-01-06 23:00:00,0.33058839126342776
2015-01-09 23:00:00,0.333269035465696
2015-01-12 23:00:00,0.33910904083472576
2015-01-15 23:00:00,0.3425948572277767
2015-01-18 23:00:00,0.3365546424106738
2015-01-21 23:00:00,0.3404863853447336
2015-01-24 23:00:00,0.34852012693873957
2015-01-27 23:00:00,0.3647808534999623
2015-01-30 23:00:00,0.3652341193979011
2015-02-02 23:00:00,0.37109991295778794
2015-02-05 23:00:00,0.37296171388052823
2015-02-08 23:00:00,0.36671405536329255
2015-02-11 23:00:00,0.3664300446894082
2015-02-14 23:00:00,0.3671557388446776
2015-02-17 23:00:00,0.374602847011266
2015-02-20 23:00:00,0.3696824233553624
2015-02-23 23:00:00,0.3697903239540079
2015-02-26 23:00:00,0.36384818331235086
2015-03-01 23:00:00,0.37530559622830134
2015-03-04 23:00:00,0.385067264306052
2015-03-07 23:00:00,0.3931624917699614
2015-03-11 00:00:00,0.40136651316504185
2015-03-14 00:00:00,0.40572961552260384
2015-03-17 00:00:00,0.40027152026353346
2015-03-20 00:00:00,0.3974971056529933
2015-03-23 00:00:00,0.4003119379284679
2015-03-26 00:00:00,0.3956114837137013
2015-03-29 00:00:00,0.3907971227403018
2015-04-01 00:00:00,0.38933603394008487
2015-04-04 00:00:00,0.3903295447575125
2015-04-07 00:00:00,0.38802435653317285
2015-04-10 00:00:00,0.3912560961013241
2015-04-13 00:00:00,0.3878023610583099
2015-04-16 00:00:00,0.3906001535937964
2015-04-19 00:00:00,0.3875906241168852
2015-04-22 00:00:00,0.3875003697949306
2015-04-25 00:00:00,0.3982643227216484
2015-04-28 00:00:00,0.40269162226222355
2015-05-01 00:00:00,0.4077245942972058
2015-05-04 00:00:00,0.4013727611444853
2015-05-07 00:00:00,0.40137017156215093
2015-05-10 00:00:00,0.39824936936672917
2015-05-13 00:00:00,0.400902777888115
2015-05-16 00:00:00,0.39442592998216314
2015-05-19 00:00:00,0.39176459674392194
2015-05-22 00:00:00,0.3928902571707189
2015-05-25 00:00:00,0.38956460670679116
2015-05-28 00:00:00,0.39419565915950633
2015-05-31 00:00:00,0.3953830415157066
2015-06-03 00:00:00,0.40617613025163257
2015-06-06 00:00:00,0.4108270608130153
2015-06-09 00:00:00,0.4046253046072806
2015-06-12 00:00:00,0.40965190297129916
2015-06-15 00:00:00,0.4162133807065841
2015-06-18 00:00:00,0.43360736635022723
2015-06-21 00:00:00,0.4424565361105548
2015-06-24 00:00:00,0.4533254913262467
2015-06-27 00:00:00,0.44927493673647156
2015-06-30 00:00:00,0.4502759741222009
2015-07-03 00:00:00,0.4612827800897981
2015-07-06 00:00:00,0.459089235846927
2015-07-09 00:00:00,0.4923565117000199
2015-07-12 00:00:00,0.517902045613096
2015-07-15 00:00:00,0.5495498228866057
2015-07-18 00:00:00,0.5642438923825918
2015-07-21 00:00:00,0.5740132989917016
2015-07-24 00:00:00,0.5683204297722426
2015-07-27 00:00:00,0.5684370857185791
2015-07-30 00:00:00,0.5871550371736236
2015-08-02 00:00:00,0.6056134473377274
2015-08-05 00:00:00,0.6196189504951283
2015-08-08 00:00:00,0.6219659969228669
2015-08-11 00:00:00,0.5897562293235659
2015-08-14 00:00:00,0.561318674887009
2015-08-17 00:00:00,0.5334740847103
2015-08-20 00:00:00,0.5196598037398451
2015-08-23 00:00:00,0.5113864533082572
2015-08-26 00:00:00,0.5178748039236194
2015-08-29 00:00:00,0.4942074055197709
2015-09-01 00:00:00,0.4580023210538725
2015-09-04 00:00:00,0.45871903932285696
2015-09-07 00:00:00,0.42974796316827135
2015-09-10 00:00:00,0.45404283752565894
2015-09-13 00:00:00,0.47741555649473066
2015-09-16 00:00:00,0.5060934904154916
2015-09-19 00:00:00,0.5267165137038488
2015-09-22 00:00:00,0.5400217635296599
2015-09-25 00:00:00,0.5425009510943231
2015-09-28 00:00:00,0.5448957486895828
2015-10-01 00:00:00,0.5554316974368269
2015-10-04 00:00:00,0.544624712343067
2015-10-07 00:00:00,0.5487382113833374
2015-10-10 00:00:00,0.5501237200192916
2015-10-13 00:00:00,0.5397922634400855
2015-10-16 00:00:00,0.5249804229214418
2015-10-19 00:00:00,0.517398995178837
2015-10-22 00:00:00,0.524542077716316
2015-10-25 00:00:00,0.5310091487620686
2015-10-28 00:00:00,0.5390979791656689
2015-10-31 00:00:00,0.5460483700661437
2015-11-02 23:00:00,0.5570486653716037
2015-11-05 23:00:00,0.5856852738499428
2015-11-08 23:00:00,0.5790993609700873
2015-11-11 23:00:00,0.5792974372665206
2015-11-14 23:00:00,0.5773084021868284
2015-11-17 23:00:00,0.5728761165970878
2015-11-20 23:00:00,0.5711572505050214
2015-11-23 23:00:00,0.5642887926883762
2015-11-26 23:00:00,0.5665302884062281
2015-11-29 23:00:00,0.5649392818248009
2015-12-02 23:00:00,0.5711904677008004
2015-12-05 23:00:00,0.5581354921971811
2015-12-08 23:00:00,0.563383015245602
2015-12-11 23:00:00,0.5667949974995063
2015-12-14 23:00:00,0.5817359331794995
2015-12-17 23:00:00,0.5949646434338616
2015-12-20 23:00:00,0.6000170174615257
2015-12-23 23:00:00,0.6260668955515044
2015-12-26 23:00:00,0.6321396424092571
2015-12-29 23:00:00,0.6344795079128079
2016-01-01 23:00:00,0.6247065159424282
2016-01-04 23:00:00,0.6208836360749391
2016-01-07 23:00:00,0.6245251693442614
2016-01-10 23:00:00,0.6207761304600908
2016-01-13 23:00:00,0.6184989445462282
2016-01-16 23:00:00,0.6276867541932557
2016-01-19 23:00:00,0.6386278120272609
2016-01-22 23:00:00,0.6439910874361872
2016-01-25 23:00:00,0.6476321558917143
2016-01-28 23:00:00,0.6662776599931592
2016-01-31 23:00:00,0.6731677222803513
2016-02-03 23:00:00,0.6910095180472621
2016-02-06 23:00:00,0.6876393839887924
2016-02-09 23:00:00,0.7033280697123565
2016-02-12 23:00:00,0.7051003583887175
2016-02-15 23:00:00,0.6973628981190312
2016-02-18 23:00:00,0.6970921715989077
2016-02-21 23:00:00,0.6966421182999183
2016-02-24 23:00:00,0.7229638339390765
2016-02-27 23:00:00,0.7214404200335003
2016-03-01 23:00:00,0.7476343948217771
2016-03-04 23:00:00,0.7603364310319299
2016-03-07 23:00:00,0.767318533779639
2016-03-10 23:00:00,0.763521300053547
2016-03-14 00:00:00,0.757971718469251
2016-03-17 00:00:00,0.7593542511830654
2016-03-20 00:00:00,0.7573929427651837
2016-03-23 00:00:00,0.7500056541494555
2016-03-26 00:00:00,0.7257834705784074
2016-03-29 00:00:00,0.7154876289485232
2016-04-01 00:00:00,0.7100091909771568
2016-04-04 00:00:00,0.6995643357154446
2016-04-07 00:00:00,0.699583284599212
2016-04-10 00:00:00,0.6999193980364373
2016-04-13 00:00:00,0.7110399142601074
2016-04-16 00:00:00,0.7162005018232395
2016-04-19 00:00:00,0.717707161364961
2016-04-22 00:00:00,0.7193589362239498
2016-04-25 00:00:00,0.7255150786273181
2016-04-28 00:00:00,0.7466392173633214
2016-05-01 00:00:00,0.747883453125344
2016-05-04 00:00:00,0.7432399061234077
2016-05-07 00:00:00,0.7425619442108575
2016-05-10 00:00:00,0.7342738456503984
2016-05-13 00:00:00,0.7396061211807973
2016-05-16 00:00:00,0.7442267023168726
2016-05-19 00:00:00,0.7601192527743398
2016-05-22 00:00:00,0.7751144264084237
2016-05-25 00:00:00,0.7731879734872963
2016-05-28 00:00:00,0.7757259748430644
2016-05-31 00:00:00,0.774636303790928
2016-06-03 00:00:00,0.7872408783574791
2016-06-06 00:00:00,0.7934701029505977
2016-06-09 00:00:00,0.8084160796077963
2016-06-12 00:00:00,0.8057319365139974
2016-06-15 00:00:00,0.8173358278312555
2016-06-18 00:00:00,0.8225751518728632
2016-06-21 00:00:00,0.8139981509336757
2016-06-24 00:00:00,0.8366824848163242
2016-06-27 00:00:00,0.8319610887349346
2016-06-30 00:00:00,0.8275148725586419
2016-07-03 00:00:00,0.8177984970530846
2016-07-06 00:00:00,0.8130916489369034
2016-07-09 00:00:00,0.8160114276244996
2016-07-12 00:00:00,0.809270065143012
2016-07-15 00:00:00,0.7990512654025392
2016-07-18 00:00:00,0.7784660703537978
2016-07-21 00:00:00,0.7820507891343035
2016-07-24 00:00:00,0.7726912599250394
2016-07-27 00:00:00,0.7769274789688511
2016-07-30 00:00:00,0.7875142765929037
2016-08-02 00:00:00,0.7954221502579528
2016-08-05 00:00:00,0.8050222349178718
2016-08-08 00:00:00,0.7946795160211273
2016-08-11 00:00:00,0.8119211525996218
2016-08-14 00:00:00,0.8098070191649523
2016-08-17 00:00:00,0.8158585445671528
2016-08-20 00:00:00,0.8178849713273895
2016-08-23 00:00:00,0.8050274260019976
2016-08-26 00:00:00,0.7993182164129705
2016-08-29 00:00:00,0.7833328703775599
2016-09-01 00:00:00,0.7815988980785527
2016-09-04 00:00:00,0.7787555883100413
2016-09-07 00:00:00,0.7866886587466524
2016-09-10 00:00:00,0.7827576744763892
2016-09-13 00:00:00,0.7693672077919501
2016-09-16 00:00:00,0.7669825153888531
2016-09-19 00:00:00,0.7559110362846265
2016-09-22 00:00:00,0.763084789867704
2016-09-25 00:00:00,0.7547652396822833
2016-09-28 00:00:00,0.7536364751129748
2016-10-01 00:00:00,0.7546892811600886
2016-10-04 00:00:00,0.7530094057363976
2016-10-07 00:00:00,0.7567976590367658
2016-10-10 00:00:00,0.7526148885700424
2016-10-13 00:00:00,0.776511815846849
2016-10-16 00:00:00,0.7849894484409287
2016-10-19 00:00:00,0.7957594965445104
2016-10-22 00:00:00,0.8039884735375241
2016-10-25 00:00:00,0.8129501430111609
2016-10-28 00:00:00,0.839282557602468
2016-10-31 00:00:00,0.8311984826199651
2016-11-03 00:00:00,0.8404085917276707
2016-11-06 00:00:00,0.8451060326970218
2016-11-08 23:00:00,0.8508654791705722
2016-11-11 23:00:00,0.8443685431464565
2016-11-14 23:00:00,0.8350900279575405
2016-11-17 23:00:00,0.8355480057378002
2016-11-20 23:00:00,0.839269792955044
2016-11-23 23:00:00,0.8512656012645007
2016-11-26 23:00:00,0.8493836861136883
2016-11-29 23:00:00,0.8634115036289595
2016-12-02 23:00:00,0.8706308545842165
2016-12-05 23:00:00,0.8719433450633483
2016-12-08 23:00:00,0.8790553044104306
2016-12-11 23:00:00,0.8811118736956663
2016-12-14 23:00:00,0.889395654403898
2016-12-17 23:00:00,0.8958929185799559
2016-12-20 23:00:00,0.897859506135335
2016-12-23 23:00:00,0.8958374078496518
2016-12-26 23:00:00,0.8798168714566529
2016-12-29 23:00:00,0.881441033963836
2017-01-01 23:00:00,0.8676356211516211
2017-01-04 23:00:00,0.8748677842751535
2017-01-07 23:00:00,0.8834891518271905
2017-01-10 23:00:00,0.8894990764210732
2017-01-13 23:00:00,0.8909203740415489
2017-01-16 23:00:00,0.8722234478024136
2017-01-19 23:00:00,0.8682862029213607
2017-01-22 23:00:00,0.845557202495367
2017-01-25 23:00:00,0.862600641320661
2017-01-28 23:00:00,0.8633595117918453
2017-01-31 23:00:00,0.8767923995263193
2017-02-03 23:00:00,0.877110761907576
2017-02-06 23:00:00,0.8748950662924488
2017-02-09 23:00:00,0.8805516232018201
2017-02-12 23:00:00,0.8885010531471416
2017-02-15 23:00:00,0.9070715413236105
2017-02-18 23:00:00,0.916289824887641
2017-02-21 23:00:00,0.9410217507496057
2017-02-24 23:00:00,0.9423174149929492
2017-02-27 23:00:00,0.9464823921335216
2017-03-02 23:00:00,0.9506771427622683
2017-03-05 23:00:00,0.9542581405607694
2017-03-08 23:00:00,0.9552754429522513
2017-03-11 23:00:00,0.9592206482175918
2017-03-15 00:00:00,0.9626140619945815
2017-03-18 00:00:00,0.9703643506649827
2017-03-21 00:00:00,0.9671472826273118
2017-03-24 00:00:00,0.9703909759031318
2017-03-27 00:00:00,0.9563094375403903
2017-03-30 00:00:00,0.957195166122833
2017-04-02 00:00:00,0.9567698531172385
2017-04-05 00:00:00,0.9476340920216979
2017-04-08 00:00:00,0.9477130258419414
2017-04-11 00:00:00,0.9422550726348317
2017-04-14 00:00:00,0.9426854510804149
2017-04-17 00:00:00,0.9409000287878909
2017-04-20 00:00:00,0.9429683532601206
2017-04-23 00:00:00,0.9427607516434444
2017-04-26 00:00:00,0.955764943048462
2017-04-29 00:00:00,0.9583097106234196
2017-05-02 00:00:00,0.9593314376230618
2017-05-05 00:00:00,0.9682032182887585
2017-05-08 00:00:00,0.9671640866292058
2017-05-11 00:00:00,0.9704520570711466
2017-05-14 00:00:00,0.9688698488674952
2017-05-17 00:00:00,0.9690541414820678
2017-05-20 00:00:00,0.9709612349474928
2017-05-23 00:00:00,0.9710084046163555
2017-05-26 00:00:00,0.9726543315983353
2017-05-29 00:00:00,0.972390029109168
2017-06-01 00:00:00,0.9728672153835495
2017-06-04 00:00:00,0.9726742813606986
2017-06-07 00:00:00,0.9742015382326915
2017-06-10 00:00:00,0.9748475612561968
2017-06-13 00:00:00,0.9751346115604403
2017-06-16 00:00:00,0.9758389293577461
2017-06-19 00:00:00,0.9750948783975115
2017-06-22 00:00:00,0.9754506267148121
2017-06-25 00:00:00,0.9742902198390293
2017-06-28 00:00:00,0.9735128647628953
2017-07-01 00:00:00,0.9721974736582022
2017-07-04 00:00:00,0.9567740643837376
2017-07-07 00:00:00,0.950975436469307
2017-07-10 00:00:00,0.9379786079409307
2017-07-13 00:00:00,0.9259387726368776
2017-07-16 00:00:00,0.9189268984306366
2017-07-19 00:00:00,0.9135787190092803
2017-07-22 00:00:00,0.9105861688411673
2017-07-25 00:00:00,0.8976606063164411
2017-07-28 00:00:00,0.8950040100520001
2017-07-31 00:00:00,0.8851261881506042
2017-08-03 00:00:00,0.8868599104455474
2017-08-06 00:00:00,0.8839052304033209
2017-08-09 00:00:00,0.8893654715519456
2017-08-12 00:00:00,0.9021750973439353
2017-08-15 00:00:00,0.9084406349019324
2017-08-18 00:00:00,0.914290430629978
2017-08-21 00:00:00,0.9157110490188981
2017-08-24 00:00:00,0.9309658117611643
2017-08-27 00:00:00,0.9323187091951373
2017-08-30 00:00:00,0.9446812238444107
2017-09-02 00:00:00,0.9582410945535311
2017-09-05 00:00:00,0.9525142447656394
2017-09-08 00:00:00,0.9447930183332091
2017-09-11 00:00:00,0.9290099504161312
2017-09-14 00:00:00,0.9068724138710826
2017-09-17 00:00:00,0.8877762749444921
2017-09-20 00:00:00,0.8731873553391386
2017-09-23 00:00:00,0.8584031821410965
2017-09-26 00:00:00,0.8363327835386977
2017-09-29 00:00:00,0.825828716903908
2017-10-02 00:00:00,0.8123280992255171
2017-10-05 00:00:00,0.819408450432332
2017-10-08 00:00:00,0.8293162951342203
2017-10-11 00:00:00,0.8366863710890156
2017-10-14 00:00:00,0.8621784140733778
2017-10-17 00:00:00,0.8784170105608269
2017-10-20 00:00:00,0.8966807473176536
2017-10-23 00:00:00,0.9140384107014261
2017-10-26 00:00:00,0.9400112007071882
2017-10-29 00:00:00,0.9439096839004572
2017-11-01 00:00:00,0.9622976842295279
2017-11-04 00:00:00,0.9760626660600222
2017-11-06 23:00:00,0.9874123480826769
2017-11-09 23:00:00,1.0016715617637222
2017-11-12 23:00:00,1.0064108659952227
2017-11-15 23:00:00,1.0157560977729108
2017-11-18 23:00:00,1.0193214825077628
2017-11-21 23:00:00,1.0219610128417156
2017-11-24 23:00:00,1.0282332552367173
2017-11-27 23:00:00,1.0404121974321254
2017-11-30 23:00:00,1.0441456124314215
2017-12-03 23:00:00,1.0449446017616606
2017-12-06 23:00:00,1.0472958220333093
2017-12-09 23:00:00,1.0496248306776033
2017-12-12 23:00:00,1.0501884235021943
2017-12-15 23:00:00,1.0515794520643755
2017-12-18 23:00:00,1.0527326387435354
2017-12-21 23:00:00,1.054535575823627
2017-12-24 23:00:00,1.0550513814769493
2017-12-27 23:00:00,1.0560905061957313
2017-12-30 23:00:00,1.0551678930784538
2018-01-02 23:00:00,1.0541695243123448
2018-01-05 23:00:00,1.0546020761414328
2018-01-08 23:00:00,1.0547727573790369
2018-01-11 23:00:00,1.0544958149786203
2018-01-14 23:00:00,1.0532665938916552
2018-01-17 23:00:00,1.054330010613157
2018-01-20 23:00:00,1.0554674223903955
2018-01-23 23:00:00,1.056879946470115
2018-01-26 23:00:00,1.0586897530604757
2018-01-29 23:00:00,1.05601948287964
2018-02-01 23:00:00,1.0547693527490274
2018-02-04 23:00:00,1.048454406890107
2018-02-07 23:00:00,1.0514205570996475
2018-02-10 23:00:00,1.0510665045765162
2018-02-13 23:00:00,1.049773264057949
2018-02-16 23:00:00,1.0463655476970368
2018-02-19 23:00:00,1.0379186791700201
2018-02-22 23:00:00,1.027452533588566
2018-02-25 23:00:00,1.0114992092117505
2018-02-28 23:00:00,1.010332287458169
2018-03-03 23:00:00,1.0043934658028275
2018-03-06 23:00:00,1.0054464761975836
2018-03-09 23:00:00,0.9998129098043546
2018-03-13 00:00:00,0.9936145443834942
2018-03-16 00:00:00,0.9711640064257108
2018-03-19 00:00:00,0.9319978687993993
2018-03-22 00:00:00,0.9049921577319365
2018-03-25 00:00:00,0.8819930744414972
2018-03-28 00:00:00,0.8586609782454141
2018-03-31 00:00:00,0.8245603611560035
2018-04-03 00:00:00,0.7842261571257395
2018-04-06 00:00:00,0.751034597042771
2018-04-09 00:00:00,0.7084329684240451
2018-04-12 00:00:00,0.6779844184625207
2018-04-15 00:00:00,0.6759772670993784
2018-04-18 00:00:00,0.6975937117311176
2018-04-21 00:00:00,0.6968105066123477
2018-04-24 00:00:00,0.6921724217923948
2018-04-27 00:00:00,0.7205234538715735
2018-04-30 00:00:00,0.7336586196783366
2018-05-03 00:00:00,0.753776427361711
2018-05-06 00:00:00,0.7712049689570398
2018-05-09 00:00:00,0.7960908058154117
2018-05-12 00:00:00,0.8121571639744762
2018-05-15 00:00:00,0.8036854900839732
2018-05-18 00:00:00,0.7941974632233811
2018-05-21 00:00:00,0.7893937288808814
2018-05-24 00:00:00,0.7932387517681673
2018-05-27 00:00:00,0.7580650214399961
2018-05-30 00:00:00,0.7436390932945471
2018-06-02 00:00:00,0.735477162569886
2018-06-05 00:00:00,0.7315401739226713
2018-06-08 00:00:00,0.7442460530378935
2018-06-11 00:00:00,0.7357621251196126
2018-06-14 00:00:00,0.7576878372796825
2018-06-17 00:00:00,0.7497156684129711
2018-06-20 00:00:00,0.7521731228879439
2018-06-23 00:00:00,0.7618027391404845
2018-06-26 00:00:00,0.7651495038747491
2018-06-29 00:00:00,0.793618926001218
2018-07-02 00:00:00,0.8064307982598332
2018-07-05 00:00:00,0.8259840219540737
2018-07-08 00:00:00,0.7954420522842909
2018-07-11 00:00:00,0.8066673795714875
2018-07-14 00:00:00,0.8249416155097314
2018-07-17 00:00:00,0.8530474782256456
2018-07-20 00:00:00,0.8744516961049252
2018-07-23 00:00:00,0.8575287389757019
2018-07-26 00:00:00,0.8852774232374975
2018-07-29 00:00:00,0.8709983768698335
2018-08-01 00:00:00,0.8697143099151159
2018-08-04 00:00:00,0.8562071494437475
2018-08-07 00:00:00,0.8627657290856151
2018-08-10 00:00:00,0.863087609859864
2018-08-13 00:00:00,0.8193926542291391
2018-08-16 00:00:00,0.8142964388548252
2018-08-19 00:00:00,0.7974497192720197
2018-08-22 00:00:00,0.8052887084734625
2018-08-25 00:00:00,0.7916697746213859
2018-08-28 00:00:00,0.7789405722448105
2018-08-31 00:00:00,0.7857704021448007
2018-09-03 00:00:00,0.7723026936107655
2018-09-06 00:00:00,0.7926257905723685
2018-09-09 00:00:00,0.7877830056013168
2018-09-12 00:00:00,0.803398888141249
2018-09-15 00:00:00,0.7992734936641326
2018-09-18 00:00:00,0.8039334365658952
2018-09-21 00:00:00,0.8152106211049878
2018-09-24 00:00:00,0.8164097584811039
2018-09-27 00:00:00,0.8310278692889853
2018-09-30 00:00:00,0.8250300609108417
2018-10-03 00:00:00,0.8340860260748522
2018-10-06 00:00:00,0.8269896744378423
2018-10-09 00:00:00,0.8346791601790361
2018-10-12 00:00:00,0.845586907646759
2018-10-15 00:00:00,0.8576613139307238
2018-10-18 00:00:00,0.8821415570472844
2018-10-21 00:00:00,0.8936892074055571
2018-10-24 00:00:00,0.9027680749680872
2018-10-27 00:00:00,0.9281605435114975
2018-10-30 00:00:00,0.9381738441942237
2018-11-02 00:00:00,0.9495825126170104
2018-11-04 23:00:00,0.9642155732235693
2018-11-07 23:00:00,0.9822298815683671
2018-11-10 23:00:00,0.9981155823998513
2018-11-13 23:00:00,1.0015527767558465
2018-11-16 23:00:00,1.0144645353164516
2018-11-19 23:00:00,1.0166976731573818
2018-11-22 23:00:00,1.0488110643002135
2018-11-25 23:00:00,1.045037419595236
2018-11-28 23:00:00,1.066484224351561
2018-12-01 23:00:00,1.0877824511440564
2018-12-04 23:00:00,1.0928088244641547
2018-12-07 23:00:00,1.0958550597519572
2018-12-10 23:00:00,1.089187767830715
2018-12-13 23:00:00,1.0973060781735475
2018-12-16 23:00:00,1.0831015365022465
2018-12-19 23:00:00,1.0892583326683292
2018-12-22 23:00:00,1.0678696208620542
2018-12-25 23:00:00,1.04697594938003
2018-12-28 23:00:00,1.0248545933040867
2018-12-31 23:00:00,0.9963289607791166
2019-01-03 23:00:00,0.9805323716385135
2019-01-06 23:00:00,0.9554600632098225
2019-01-09 23:00:00,0.9446641835171163
2019-01-12 23:00:00,0.9298728081749513
2019-01-15 23:00:00,0.9250259622685137
2019-01-18 23:00:00,0.9281379254647527
2019-01-21 23:00:00,0.918604937179535
2019-01-24 23:00:00,0.9351916141226042
2019-01-27 23:00:00,0.9409780255388073
2019-01-30 23:00:00,0.9570775012338092
2019-02-02 23:00:00,0.9672604511580538
2019-02-05 23:00:00,0.9806026863555668
2019-02-08 23:00:00,0.9886152675609192
2019-02-11 23:00:00,0.9910804642147119
2019-02-14 23:00:00,1.0142285625349614
2019-02-17 23:00:00,1.0057156888712284
2019-02-20 23:00:00,1.0265130070364468
2019-02-23 23:00:00,1.0349700891030076
2019-02-26 23:00:00,1.047208773705894
2019-03-01 23:00:00,1.0539206256568678
2019-03-04 23:00:00,1.0620060646907477
2019-03-07 23:00:00,1.0711670447936161
2019-03-11 00:00:00,1.060744893615549
2019-03-14 00:00:00,1.0721651959774658
2019-03-17 00:00:00,1.0471844700674346
2019-03-20 00:00:00,1.0334385967651207
2019-03-23 00:00:00,1.0215781752167563
2019-03-26 00:00:00,1.0017216273691611
2019-03-29 00:00:00,1.0143308728369862
2019-04-01 00:00:00,1.024448762003376
2019-04-04 00:00:00,1.0379581444447246
2019-04-07 00:00:00,1.0510148708133882
2019-04-10 00:00:00,1.0824806427973266
2019-04-13 00:00:00,1.0935576431360714
2019-04-16 00:00:00,1.1172497175580787
2019-04-19 00:00:00,1.1544950959332947
2019-04-22 00:00:00,1.1751375736020244
2019-04-25 00:00:00,1.2078600899644296
2019-04-28 00:00:00,1.2085447822862416
2019-05-01 00:00:00,1.2039929623438432
2019-05-04 00:00:00,1.1968855503155023
2019-05-07 00:00:00,1.1949071730443341
2019-05-10 00:00:00,1.2002819657629658
2019-05-13 00:00:00,1.2047900421858901
2019-05-16 00:00:00,1.2094895645056134
2019-05-19 00:00:00,1.2112265183385902
2019-05-22 00:00:00,1.210043527577244
2019-05-25 00:00:00,1.2117089859381969
2019-05-28 00:00:00,1.2025246546094974
2019-05-31 00:00:00,1.2100189990590162
2019-06-03 00:00:00,1.2193676642934301
2019-06-06 00:00:00,1.2241498507766055
2019-06-09 00:00:00,1.2148359885082407
2019-06-12 00:00:00,1.2015501301438871
2019-06-15 00:00:00,1.206310949262275
2019-06-18 00:00:00,1.2027643330689384
2019-06-21 00:00:00,1.2054549886437553
2019-06-24 00:00:00,1.2045240121160985
2019-06-27 00:00:00,1.215611884531016
2019-06-30 00:00:00,1.2135023540966747
2019-07-03 00:00:00,1.2058385487478664
2019-07-06 00:00:00,1.1926621544940021
2019-07-09 00:00:00,1.1736105221821425
2019-07-12 00:00:00,1.185018247822168
2019-07-15 00:00:00,1.1656597981162022
2019-07-18 00:00:00,1.1571963565509025
2019-07-21 00:00:00,1.1548899302260822
2019-07-24 00:00:00,1.1329232558698867
2019-07-27 00:00:00,1.1160980550008217
2019-07-30 00:00:00,1.0789170262467112
2019-08-02 00:00:00,1.0729186867912803
2019-08-05 00:00:00,1.0512961656831428
2019-08-08 00:00:00,1.06930959690581
2019-08-11 00:00:00,1.056908305536939
2019-08-14 00:00:00,1.049677787253331
2019-08-17 00:00:00,1.0447824527514273
2019-08-20 00:00:00,1.021904981462277
2019-08-23 00:00:00,1.0389740733208974
2019-08-26 00:00:00,1.0282801680132994
2019-08-29 00:00:00,1.056499977463522
2019-09-01 00:00:00,1.041456195133213
2019-09-04 00:00:00,1.0522486617614422
2019-09-07 00:00:00,1.0466162288025864
2019-09-10 00:00:00,1.0271357794533211
2019-09-13 00:00:00,1.0229282823501165
2019-09-16 00:00:00,1.0095711449833604
2019-09-19 00:00:00,1.0228168809685432
2019-09-22 00:00:00,1.0068793441642374
2019-09-25 00:00:00,1.0195887844463505
2019-09-28 00:00:00,1.0129912740173774
2019-10-01 00:00:00,1.0150433070645373
2019-10-04 00:00:00,1.0195296410886727
2019-10-07 00:00:00,1.002704168188662
2019-10-10 00:00:00,1.0121251665894293
2019-10-13 00:00:00,1.0143262140231704
2019-10-16 00:00:00,1.0153713431283944
2019-10-19 00:00:00,1.0112101833351388
2019-10-22 00:00:00,1.0043418723643973
2019-10-25 00:00:00,0.9967027308831129
2019-10-28 00:00:00,1.008264749567831
2019-10-31 00:00:00,1.025686212666669
2019-11-03 00:00:00,1.030602433664413
2019-11-05 23:00:00,1.0468286241170945
2019-11-08 23:00:00,1.0672768337347
2019-11-11 23:00:00,1.065236839742404
2019-11-14 23:00:00,1.075182471851154
2019-11-17 23:00:00,1.0830372251013298
2019-11-20 23:00:00,1.0952189352805883
2019-11-23 23:00:00,1.1044778637221428
2019-11-26 23:00:00,1.094084734099818
2019-11-29 23:00:00,1.0825898521259658
2019-12-02 23:00:00,1.07088572190249
2019-12-05 23:00:00,1.0589644824475715
2019-12-08 23:00:00,1.0303642473950043
2019-12-11 23:00:00,1.046873654564133
2019-12-14 23:00:00,1.040820218820135
2019-12-17 23:00:00,1.04347595296178
2019-12-20 23:00:00,1.0414462231351886
2019-12-23 23:00:00,1.0156985088230914
2019-12-26 23:00:00,1.0034677918682866
2019-12-29 23:00:00,0.9894487616629152
2020-01-01 23:00:00,0.9764504631278247
2020-01-04 23:00:00,0.9698864076108739
2020-01-07 23:00:00,0.9734435187601896
2020-01-10 23:00:00,0.9680425021126262
2020-01-13 23:00:00,0.9567483255439945
2020-01-16 23:00:00,0.9499250718828964
2020-01-19 23:00:00,0.9389510075453587
2020-01-22 23:00:00,0.9561457912195661
2020-01-25 23:00:00,0.9590449751034331
2020-01-28 23:00:00,0.9721200486147821
2020-01-31 23:00:00,0.9904698011539352
2020-02-03 23:00:00,1.0054189373293394
2020-02-06 23:00:00,1.0237366888239061
2020-02-09 23:00:00,1.0278298573997584
2020-02-12 23:00:00,1.0597008429734067
2020-02-15 23:00:00,1.064736932292495
2020-02-18 23:00:00,1.0741927604485648
2020-02-21 23:00:00,1.0885946773143576
2020-02-24 23:00:00,1.0908999192397917
2020-02-27 23:00:00,1.0990474448140246
2020-03-01 23:00:00,1.0917328066931133
2020-03-04 23:00:00,1.1024131813907467
2020-03-07 23:00:00,1.087941370845771
2020-03-11 00:00:00,1.0867811269562409
2020-03-14 00:00:00,1.0912334522830531
2020-03-17 00:00:00,1.0966386588079031
2020-03-20 00:00:00,1.1173347042907322
2020-03-23 00:00:00,1.108458170521262
2020-03-26 00:00:00,1.1238296778323182
2020-03-29 00:00:00,1.1180141346032682
2020-04-01 00:00:00,1.1163396143811712
2020-04-04 00:00:00,1.112700873290879
2020-04-07 00:00:00,1.1136794357225042
2020-04-10 00:00:00,1.1138885711085011
2020-04-13 00:00:00,1.0720592107822757
2020-04-16 00:00:00,1.055825634541731
2020-04-19 00:00:00,1.050666144741736
2020-04-22 00:00:00,1.0465818598488341
2020-04-25 00:00:00,1.0511491093153824
2020-04-28 00:00:00,1.0623217700965184
2020-05-01 00:00:00,1.089957980753677
2020-05-04 00:00:00,1.1036615302308308
2020-05-07 00:00:00,1.119962089487344
2020-05-10 00:00:00,1.13853861576399
2020-05-13 00:00:00,1.1827069027161443
2020-05-16 00:00:00,1.209302552671893
2020-05-19 00:00:00,1.222461318364052
2020-05-22 00:00:00,1.2512419599790756
2020-05-25 00:00:00,1.2644266061029608
2020-05-28 00:00:00,1.2790592853609999
2020-05-31 00:00:00,1.2829856578220613
2020-06-03 00:00:00,1.2768670321219742
2020-06-06 00:00:00,1.278909670247611
2020-06-09 00:00:00,1.243114487404093
2020-06-12 00:00:00,1.2374355547128115
2020-06-15 00:00:00,1.2159652496391502
2020-06-18 00:00:00,1.205323731754875
2020-06-21 00:00:00,1.1948371339980841
2020-06-24 00:00:00,1.1748809629711667
2020-06-27 00:00:00,1.1681341774415566
2020-06-30 00:00:00,1.150062097469344
2020-07-03 00:00:00,1.1505318064029737
2020-07-06 00:00:00,1.1370777526377465
2020-07-09 00:00:00,1.1628388976223727
2020-07-12 00:00:00,1.1603861356659666
2020-07-15 00:00:00,1.1648572284908476
2020-07-18 00:00:00,1.172552023333154
2020-07-21 00:00:00,1.1810410367870072
2020-07-24 00:00:00,1.1962022828694807
2020-07-27 00:00:00,1.2062233222781733
2020-07-30 00:00:00,1.2259782007770617
2020-08-02 00:00:00,1.2345052385359527
2020-08-05 00:00:00,1.2622612162217623
2020-08-08 00:00:00,1.2711801712616257
2020-08-11 00:00:00,1.2798793996772175
2020-08-14 00:00:00,1.2935481139797171
2020-08-17 00:00:00,1.2864557906535112
2020-08-20 00:00:00,1.2834815749447999
2020-08-23 00:00:00,1.2862536462797243
2020-08-26 00:00:00,1.2765030567701035
2020-08-29 00:00:00,1.2773269568572971
2020-09-01 00:00:00,1.2751705948986156
2020-09-04 00:00:00,1.2709024567654152
2020-09-07 00:00:00,1.275933541665128
2020-09-10 00:00:00,1.2725071138035198
2020-09-13 00:00:00,1.270171835160342
2020-09-16 00:00:00,1.2578152890575989
2020-09-19 00:00:00,1.2552710412993868
2020-09-22 00:00:00,1.242676688691909
2020-09-25 00:00:00,1.2458941361536409
2020-09-28 00:00:00,1.2393063309835552
2020-10-01 00:00:00,1.240395898389272
2020-10-04 00:00:00,1.242173044761031
2020-10-07 00:00:00,1.232925149759509
2020-10-10 00:00:00,1.235977798273909
2020-10-13 00:00:00,1.2302039151656332
2020-10-16 00:00:00,1.2430131575366703
2020-10-19 00:00:00,1.2295830314410015
2020-10-22 00:00:00,1.2378783540612421
2020-10-25 00:00:00,1.240332989504217
2020-10-28 00:00:00,1.2515891342336158
2020-10-31 00:00:00,1.2528440115743449
2020-11-02 23:00:00,1.2507400543330378
2020-11-05 23:00:00,1.2569484815323928
2020-11-08 23:00:00,1.2632099688931893
2020-11-11 23:00:00,1.2746882906836317
2020-11-14 23:00:00,1.279982182569323
2020-11-17 23:00:00,1.2922559274974412
2020-11-20 23:00:00,1.2948623568452287
2020-11-23 23:00:00,1.2749480115526737
2020-11-26 23:00:00,1.267893865968188
2020-11-29 23:00:00,1.2622202407048946
2020-12-02 23:00:00,1.2621934144495688
2020-12-05 23:00:00,1.2644215854401288
2020-12-08 23:00:00,1.2588797333879105
2020-12-11 23:00:00,1.2593752379175456
2020-12-14 23:00:00,1.253624677255401
2020-12-17 23:00:00,1.2604689184779554
2020-12-20 23:00:00,1.2606014123082907
2020-12-23 23:00:00,1.2800970165114685
2020-12-26 23:00:00,1.2847287182580298
2020-12-29 23:00:00,1.2902937179100389
2021-01-01 23:00:00,1.2914231281466886
2021-01-04 23:00:00,1.2924098578679584
2021-01-07 23:00:00,1.2930176536728808
2021-01-10 23:00:00,1.2906899151215803
2021-01-13 23:00:00,1.3001702389407876
2021-01-16 23:00:00,1.3011559602087883
2021-01-19 23:00:00,1.3032955035474305
2021-01-22 23:00:00,1.3026241427902627
2021-01-25 23:00:00,1.30383882318946
2021-01-28 23:00:00,1.3066961846165934
2021-01-31 23:00:00,1.308019218836882
2021-02-03 23:00:00,1.3051086244388665
2021-02-06 23:00:00,1.3058054488215765
2021-02-09 23:00:00,1.3131603993908254
2021-02-12 23:00:00,1.310098216182192
2021-02-15 23:00:00,1.3112219500909326
2021-02-18 23:00:00,1.3094727547754748
2021-02-21 23:00:00,1.316887077430786
2021-02-24 23:00:00,1.3157529561036838
2021-02-27 23:00:00,1.3132063037701367
2021-03-02 23:00:00,1.316406269128819
2021-03-05 23:00:00,1.3162947335633937
2021-03-08 23:00:00,1.324803586404313
2021-03-11 23:00:00,1.3193584023195801
2021-03-15 00:00:00,1.3261446604458313
2021-03-18 00:00:00,1.3264158823212024
2021-03-21 00:00:00,1.3273258296815655
2021-03-24 00:00:00,1.3296297722841457
2021-03-27 00:00:00,1.3311470026656234
2021-03-30 00:00:00,1.3314744098987887
2021-04-02 00:00:00,1.3305544340291346
2021-04-05 00:00:00,1.333355017791678
2021-04-08 00:00:00,1.3308142838776154
2021-04-11 00:00:00,1.3340873727185085
2021-04-14 00:00:00,1.3348323257823536
2021-04-17 00:00:00,1.3331537753831653
2021-04-20 00:00:00,1.3343219876771582
2021-04-23 00:00:00,1.3259149521908309
2021-04-26 00:00:00,1.3257732006688843
2021-04-29 00:00:00,1.3273290900996078
2021-05-02 00:00:00,1.3308221786956886
2021-05-05 00:00:00,1.3378330796335698
2021-05-08 00:00:00,1.3361607777618412
2021-05-11 00:00:00,1.3378983224721714
2021-05-14 00:00:00,1.3369618652471706
2021-05-17 00:00:00,1.3406954183656217
2021-05-20 00:00:00,1.3418071664693898
2021-05-23 00:00:00,1.3408195781952732
2021-05-26 00:00:00,1.3441822450213967
2021-05-29 00:00:00,1.3429611309106637
2021-06-01 00:00:00,1.3484118111785952
2021-06-04 00:00:00,1.3398645759332486
2021-06-07 00:00:00,1.3171011191839892
2021-06-10 00:00:00,1.3023810358334202
2021-06-13 00:00:00,1.3080743654394782
2021-06-16 00:00:00,1.2979920853345617
2021-06-19 00:00:00,1.2879650545118375
2021-06-22 00:00:00,1.2852964550163863
2021-06-25 00:00:00,1.2879976940811233
2021-06-28 00:00:00,1.2991500481589486
2021-07-01 00:00:00,1.294784773084713
2021-07-04 00:00:00,1.3036782672067717
2021-07-07 00:00:00,1.3217773615388873
2021-07-10 00:00:00,1.317071690862967
2021-07-13 00:00:00,1.2812421826361697
2021-07-16 00:00:00,1.2661841302736383
2021-07-19 00:00:00,1.227235650794986
2021-07-22 00:00:00,1.210165334916976
2021-07-25 00:00:00,1.1661441017483136
2021-07-28 00:00:00,1.125861617152882
2021-07-31 00:00:00,1.086914579258199
2021-08-03 00:00:00,1.041542464899085
2021-08-06 00:00:00,1.0157213927223687
2021-08-09 00:00:00,0.988077197428805
2021-08-12 00:00:00,0.9912915090815694
2021-08-15 00:00:00,0.983227282189678
2021-08-18 00:00:00,1.001586909356261
2021-08-21 00:00:00,1.0090576665709656
2021-08-24 00:00:00,1.0011814408075688
2021-08-27 00:00:00,1.0039182652159269
2021-08-30 00:00:00,0.9987501834751801