Timestamp,mempool-size
2016-07-14 14:45:00,7440703.913888888
2016-07-15 20:45:00,6528545.370138889
2016-07-17 02:45:00,5525984.435416667
2016-07-18 08:45:00,4557238.464756944
2016-07-19 14:45:00,4274953.709375
2016-07-20 20:45:00,4275873.487847222
2016-07-22 02:45:00,4213832.384895833
2016-07-23 08:45:00,3988039.395138889
2016-07-24 14:45:00,3580623.4972222224
2016-07-25 20:45:00,3214050.8734375
2016-07-27 02:45:00,3377121.6631944445
2016-07-28 08:45:00,3600229.4090277776
2016-07-29 14:45:00,3642900.6166666667
2016-07-30 20:45:00,3802047.4128472223
2016-08-01 02:45:00,3834736.6354166665
2016-08-02 08:45:00,3885994.3894097223
2016-08-03 14:45:00,3973882.0109375
2016-08-04 20:45:00,4032192.7182291667
2016-08-06 02:45:00,4171153.519097222
2016-08-07 08:45:00,4162204.403125
2016-08-08 14:45:00,4237349.539756944
2016-08-09 20:45:00,4348803.141493056
2016-08-11 02:45:00,4456290.335243056
2016-08-12 08:45:00,4462668.267361111
2016-08-13 14:45:00,4359249.06875
2016-08-14 20:45:00,4273045.13125
2016-08-16 02:45:00,4398640.756076389
2016-08-17 08:45:00,4519895.687847222
2016-08-18 14:45:00,4539647.356944445
2016-08-19 20:45:00,4511226.970486111
2016-08-21 02:45:00,4459885.364930555
2016-08-22 08:45:00,4333399.867361112
2016-08-23 14:45:00,4334916.714930556
2016-08-24 20:45:00,4341689.615625
2016-08-26 02:45:00,4343912.922395834
2016-08-27 08:45:00,4158250.191145833
2016-08-28 14:45:00,4105928.937152778
2016-08-29 20:45:00,3885915.3996527777
2016-08-31 02:45:00,3909580.3329861113
2016-09-01 08:45:00,3886020.847222222
2016-09-02 14:45:00,3817228.5850694445
2016-09-03 20:45:00,3693136.4013888887
2016-09-05 02:45:00,3529875.961284722
2016-09-06 08:45:00,3690726.6651041666
2016-09-07 14:45:00,3629289.2555555557
2016-09-08 20:45:00,3573346.073784722
2016-09-10 02:45:00,3505392.417708333
2016-09-11 08:45:00,3463254.968402778
2016-09-12 14:45:00,3430545.089236111
2016-09-13 20:45:00,3499868.7083333335
2016-09-15 02:45:00,3390303.1748263887
2016-09-16 08:45:00,3306457.871354167
2016-09-17 14:45:00,3342607.121527778
2016-09-18 20:45:00,3362052.784895833
2016-09-20 02:45:00,3427619.5559027777
2016-09-21 08:45:00,3464000.984548611
2016-09-22 14:45:00,3457973.601388889
2016-09-23 20:45:00,3439300.537152778
2016-09-25 02:45:00,3305302.96875
2016-09-26 08:45:00,3214608.957118056
2016-09-27 14:45:00,3222902.6197916665
2016-09-28 20:45:00,3244111.3901041667
2016-09-30 02:45:00,3183979.242013889
2016-10-01 08:45:00,3168659.9484375
2016-10-02 14:45:00,3150176.4421875
2016-10-03 20:45:00,3221362.856076389
2016-10-05 02:45:00,3332831.3772569443
2016-10-06 08:45:00,3242876.2411458334
2016-10-07 14:45:00,3264229.7784722224
2016-10-08 20:45:00,3219781.534375
2016-10-10 02:45:00,3163277.8310763887
2016-10-11 08:45:00,3384080.707638889
2016-10-12 14:45:00,3602670.4616319444
2016-10-13 20:45:00,3643298.879513889
2016-10-15 02:45:00,3767442.504513889
2016-10-16 08:45:00,3779994.710763889
2016-10-17 14:45:00,3690497.2817708333
2016-10-18 20:45:00,3796819.1376736113
2016-10-20 02:45:00,3912623.797048611
2016-10-21 08:45:00,4112866.979861111
2016-10-22 14:45:00,4125791.396527778
2016-10-23 20:45:00,4128491.859722222
2016-10-25 02:45:00,4274383.742361112
2016-10-26 08:45:00,4698329.026388889
2016-10-27 14:45:00,5625345.945833334
2016-10-28 20:45:00,5721026.489930555
2016-10-30 02:45:00,5713727.338541667
2016-10-31 08:45:00,5701027.351909722
2016-11-01 14:45:00,5761124.142361111
2016-11-02 20:45:00,5811214.292534722
2016-11-04 02:45:00,5764868.319097222
2016-11-05 08:45:00,5820594.212847223
2016-11-06 13:45:00,5811660.268923611
2016-11-07 19:45:00,5876172.829513889
2016-11-09 01:45:00,5983688.728298611
2016-11-10 07:45:00,5849096.266493056
2016-11-11 13:45:00,5660806.237847222
2016-11-12 19:45:00,5598364.897222222
2016-11-14 01:45:00,5490616.401736111
2016-11-15 07:45:00,5483836.124826388
2016-11-16 13:45:00,5472749.153298611
2016-11-17 19:45:00,5372013.350347222
2016-11-19 01:45:00,5317427.175173611
2016-11-20 07:45:00,5137354.162673611
2016-11-21 13:45:00,5341641.604861111
2016-11-22 19:45:00,6205588.035069444
2016-11-24 01:45:00,7460876.667708334
2016-11-25 07:45:00,8476904.946527777
2016-11-26 13:45:00,8405175.810590278
2016-11-27 19:45:00,8431710.057118056
2016-11-29 01:45:00,8586855.292881945
2016-11-30 07:45:00,8691918.873263888
2016-12-01 13:45:00,8792042.011284722
2016-12-02 19:45:00,9524025.056944445
2016-12-04 01:45:00,9842256.515451388
2016-12-05 07:45:00,9856566.658159722
2016-12-06 13:45:00,10209679.5453125
2016-12-07 19:45:00,10396128.802604167
2016-12-09 01:45:00,10396895.106944444
2016-12-10 07:45:00,10485218.08125
2016-12-11 13:45:00,10599626.816145834
2016-12-12 19:45:00,10678763.025347222
2016-12-14 01:45:00,10784664.163020832
2016-12-15 07:45:00,10959913.131423611
2016-12-16 13:45:00,11448892.00486111
2016-12-17 19:45:00,11741484.001041668
2016-12-19 01:45:00,11909066.406597223
2016-12-20 07:45:00,12151739.488368055
2016-12-21 13:45:00,12363248.813194444
2016-12-22 19:45:00,11804968.77013889
2016-12-24 01:45:00,10689089.320138888
2016-12-25 07:45:00,9528103.482118055
2016-12-26 13:45:00,8684115.178993056
2016-12-27 19:45:00,8622480.446180556
2016-12-29 01:45:00,8515823.123784723
2016-12-30 07:45:00,8509583.623090278
2016-12-31 13:45:00,8406348.896006944
2017-01-01 19:45:00,7550527.995659722
2017-01-03 01:45:00,7422546.905902778
2017-01-04 07:45:00,7396876.658854167
2017-01-05 13:45:00,7326381.8765625
2017-01-06 19:45:00,8111155.944791666
2017-01-08 01:45:00,8692677.4125
2017-01-09 07:45:00,8815441.100347223
2017-01-10 13:45:00,9202789.343576388
2017-01-11 19:45:00,9484985.934895834
2017-01-13 01:45:00,9601856.830729166
2017-01-14 07:45:00,9483644.927083334
2017-01-15 13:45:00,8975359.972395834
2017-01-16 19:45:00,8653457.46423611
2017-01-18 01:45:00,8504993.427951388
2017-01-19 07:45:00,8280327.860763889
2017-01-20 13:45:00,7876805.240798611
2017-01-21 19:45:00,7531208.079166667
2017-01-23 01:45:00,7235783.301388889
2017-01-24 07:45:00,7568288.107986111
2017-01-25 13:45:00,8778479.905381944
2017-01-26 19:45:00,9232495.455034722
2017-01-28 01:45:00,9229791.071527777
2017-01-29 07:45:00,9305784.996354166
2017-01-30 13:45:00,9429528.374131944
2017-01-31 19:45:00,10431693.923090277
2017-02-02 01:45:00,10901913.262847222
2017-02-03 07:45:00,11543625.038020832
2017-02-04 13:45:00,12338917.6765625
2017-02-05 19:45:00,12075464.501736112
2017-02-07 01:45:00,12509433.104340278
2017-02-08 07:45:00,13880634.714409722
2017-02-09 13:45:00,14742717.928819444
2017-02-10 19:45:00,15508186.126388889
2017-02-12 01:45:00,15915893.894618055
2017-02-13 07:45:00,15960947.998958332
2017-02-14 13:45:00,16211581.062326388
2017-02-15 19:45:00,16585195.018055556
2017-02-17 01:45:00,17056572.938194446
2017-02-18 07:45:00,17810806.9796875
2017-02-19 13:45:00,18339589.69201389
2017-02-20 19:45:00,18900449.215972222
2017-02-22 01:45:00,20294377.25121528
2017-02-23 07:45:00,21930765.015104167
2017-02-24 13:45:00,23025538.532291666
2017-02-25 19:45:00,24360712.578125
2017-02-27 01:45:00,24978418.99375
2017-02-28 07:45:00,25604798.5171875
2017-03-01 13:45:00,26950039.016493056
2017-03-02 19:45:00,27991355.62690972
2017-03-04 01:45:00,29854426.681770835
2017-03-05 07:45:00,31347231.018055554
2017-03-06 13:45:00,32258875.445659723
2017-03-07 19:45:00,33886698.41440972
2017-03-09 01:45:00,35070221.84079861
2017-03-10 07:45:00,35392840.83472222
2017-03-11 13:45:00,36018303.45642361
2017-03-12 20:45:00,36579573.93802083
2017-03-14 02:45:00,36871325.290972225
2017-03-15 08:45:00,37664003.15590278
2017-03-16 14:45:00,38485568.44565972
2017-03-17 20:45:00,39135218.53246528
2017-03-19 02:45:00,39072246.3453125
2017-03-20 08:45:00,38342046.81579861
2017-03-21 14:45:00,38015862.73402778
2017-03-22 20:45:00,37779524.89809028
2017-03-24 02:45:00,36634733.04305556
2017-03-25 08:45:00,34428549.468055554
2017-03-26 14:45:00,32126830.614409722
2017-03-27 20:45:00,30337937.02222222
2017-03-29 02:45:00,30073576.7359375
2017-03-30 08:45:00,29733684.25451389
2017-03-31 14:45:00,28314723.26579861
2017-04-01 20:45:00,26656142.653472222
2017-04-03 02:45:00,24096537.3234375
2017-04-04 08:45:00,22034426.036805555
2017-04-05 14:45:00,20636228.014930554
2017-04-06 20:45:00,18684803.101215277
2017-04-08 02:45:00,17272877.553125
2017-04-09 08:45:00,16046543.921875
2017-04-10 14:45:00,14056144.855555555
2017-04-11 20:45:00,12639812.061284723
2017-04-13 02:45:00,12264830.282638889
2017-04-14 08:45:00,12588117.571180556
2017-04-15 14:45:00,12688552.443229167
2017-04-16 20:45:00,11906149.093576388
2017-04-18 02:45:00,11514981.213368056
2017-04-19 08:45:00,11945909.49375
2017-04-20 14:45:00,12419315.728993056
2017-04-21 20:45:00,13096355.901215278
2017-04-23 02:45:00,13745961.55954861
2017-04-24 08:45:00,14204434.91736111
2017-04-25 14:45:00,15078749.932291666
2017-04-26 20:45:00,16189716.60486111
2017-04-28 02:45:00,17030363.99375
2017-04-29 08:45:00,18187552.245659724
2017-04-30 14:45:00,18853552.815104168
2017-05-01 20:45:00,18829441.557118054
2017-05-03 02:45:00,19885142.149305556
2017-05-04 08:45:00,21531876.124479167
2017-05-05 14:45:00,23404934.803993054
2017-05-06 20:45:00,26207644.577777777
2017-05-08 02:45:00,27647077.926736113
2017-05-09 08:45:00,28939444.024131946
2017-05-10 14:45:00,31785935.215972222
2017-05-11 20:45:00,35707655.04409722
2017-05-13 02:45:00,39574890.440972224
2017-05-14 08:45:00,42458018.17986111
2017-05-15 14:45:00,44744041.69479167
2017-05-16 20:45:00,48772570.674131945
2017-05-18 02:45:00,52665328.211979166
2017-05-19 08:45:00,55979673.72899306
2017-05-20 14:45:00,59163472.580034725
2017-05-21 20:45:00,62211953.02065972
2017-05-23 02:45:00,65766445.12881944
2017-05-24 08:45:00,69698586.62204862
2017-05-25 14:45:00,73062070.69409722
2017-05-26 20:45:00,76242119.26423611
2017-05-28 02:45:00,79185010.16041666
2017-05-29 08:45:00,81427630.04270834
2017-05-30 14:45:00,84514544.83472222
2017-05-31 20:45:00,88267031.16458334
2017-06-02 02:45:00,91285649.21770833
2017-06-03 08:45:00,93492798.44392361
2017-06-04 14:45:00,94633953.86440971
2017-06-05 20:45:00,94196291.51059029
2017-06-07 02:45:00,94680960.48524305
2017-06-08 08:45:00,95348233.00486112
2017-06-09 14:45:00,94697644.53697917
2017-06-10 20:45:00,92558639.5203125
2017-06-12 02:45:00,89982847.01145834
2017-06-13 08:45:00,87680486.63298611
2017-06-14 14:45:00,86523714.96215278
2017-06-15 20:45:00,84597633.61840278
2017-06-17 02:45:00,82419695.21423611
2017-06-18 08:45:00,79989290.7046875
2017-06-19 14:45:00,76859182.59097221
2017-06-20 20:45:00,73322960.77065971
2017-06-22 02:45:00,69909774.68159722
2017-06-23 08:45:00,66497977.088194445
2017-06-24 14:45:00,62743148.91388889
2017-06-25 20:45:00,58875058.57170139
2017-06-27 02:45:00,55263495.49670139
2017-06-28 08:45:00,52067284.737847224
2017-06-29 14:45:00,48723714.30555555
2017-06-30 20:45:00,45498196.130555555
2017-07-02 02:45:00,41627963.149131946
2017-07-03 08:45:00,37706961.76180556
2017-07-04 14:45:00,34202390.6234375
2017-07-05 20:45:00,31773680.1015625
2017-07-07 02:45:00,29709656.416319445
2017-07-08 08:45:00,27552564.822916668
2017-07-09 14:45:00,25448845.823958334
2017-07-10 20:45:00,23548392.035590276
2017-07-12 02:45:00,22417893.039756946
2017-07-13 08:45:00,21300165.408854168
2017-07-14 14:45:00,20055687.785416666
2017-07-15 20:45:00,19086261.762673613
2017-07-17 02:45:00,18380227.639930554
2017-07-18 08:45:00,18186783.926215276
2017-07-19 14:45:00,18711449.239583332
2017-07-20 20:45:00,19455503.109375
2017-07-22 02:45:00,19849075.888020832
2017-07-23 08:45:00,19380087.60954861
2017-07-24 14:45:00,19345383.917708334
2017-07-25 20:45:00,19212922.798611112
2017-07-27 02:45:00,19439302.72517361
2017-07-28 08:45:00,18896273.6125
2017-07-29 14:45:00,18429066.63159722
2017-07-30 20:45:00,17591666.5390625
2017-08-01 02:45:00,17493904.817708332
2017-08-02 08:45:00,17492982.18159722
2017-08-03 14:45:00,17633111.846701387
2017-08-04 20:45:00,18064514.277256943
2017-08-06 02:45:00,17651286.42309028
2017-08-07 08:45:00,17223029.388368055
2017-08-08 14:45:00,18529127.319791667
2017-08-09 20:45:00,19936907.957986113
2017-08-11 02:45:00,21053287.55017361
2017-08-12 08:45:00,22336859.952777777
2017-08-13 14:45:00,21845094.552430555
2017-08-14 20:45:00,21775734.993055556
2017-08-16 02:45:00,22480453.155208334
2017-08-17 08:45:00,23605074.09513889
2017-08-18 14:45:00,24171078.54878472
2017-08-19 20:45:00,24893776.314583335
2017-08-21 02:45:00,25134396.502083335
2017-08-22 08:45:00,27106984.794791665
2017-08-23 14:45:00,30266049.25659722
2017-08-24 20:45:00,32924433.84236111
2017-08-26 02:45:00,35977758.11805555
2017-08-27 08:45:00,39632384.364583336
2017-08-28 14:45:00,42202136.35208333
2017-08-29 20:45:00,43987304.122743055
2017-08-31 02:45:00,44741795.39461806
2017-09-01 08:45:00,45482546.79670139
2017-09-02 14:45:00,45791627.36475694
2017-09-03 20:45:00,45159213.23559028
2017-09-05 02:45:00,45122940.40920139
2017-09-06 08:45:00,45120066.696875
2017-09-07 14:45:00,43901239.564756945
2017-09-08 20:45:00,42576700.620659724
2017-09-10 02:45:00,40884922.427083336
2017-09-11 08:45:00,39036609.60989583
2017-09-12 14:45:00,38657932.641666666
2017-09-13 20:45:00,37422892.73802083
2017-09-15 02:45:00,35854720.11423611
2017-09-16 08:45:00,33664037.268229164
2017-09-17 14:45:00,31907882.224479165
2017-09-18 20:45:00,30356776.0859375
2017-09-20 02:45:00,29160607.997048613
2017-09-21 08:45:00,26980502.333680555
2017-09-22 14:45:00,23477220.036805555
2017-09-23 20:45:00,20582780.175520834
2017-09-25 02:45:00,16826502.5359375
2017-09-26 08:45:00,13416868.634201389
2017-09-27 14:45:00,10988592.161805555
2017-09-28 20:45:00,9357201.452604167
2017-09-30 02:45:00,8634780.759027777
2017-10-01 08:45:00,8039027.442881945
2017-10-02 14:45:00,7886494.803993056
2017-10-03 20:45:00,8063683.722569444
2017-10-05 02:45:00,8168272.528993055
2017-10-06 08:45:00,8452987.829340277
2017-10-07 14:45:00,8444382.053645832
2017-10-08 20:45:00,8433559.063368056
2017-10-10 02:45:00,8551260.225
2017-10-11 08:45:00,8731492.87204861
2017-10-12 14:45:00,8927526.265625
2017-10-13 20:45:00,10171786.441493055
2017-10-15 02:45:00,11069117.530381944
2017-10-16 08:45:00,11135154.35625
2017-10-17 14:45:00,11495233.995833334
2017-10-18 20:45:00,11545961.796354167
2017-10-20 02:45:00,12050703.798784722
2017-10-21 08:45:00,12856530.289409723
2017-10-22 14:45:00,14139801.6171875
2017-10-23 20:45:00,15386469.694965277
2017-10-25 02:45:00,16958343.00017361
2017-10-26 08:45:00,16918447.680729166
2017-10-27 14:45:00,17225157.614930555
2017-10-28 20:45:00,18475590.8078125
2017-10-30 02:45:00,19431623.256770834
2017-10-31 08:45:00,19968096.055555556
2017-11-01 14:45:00,20966607.67326389
2017-11-02 20:45:00,22386306.128819443
2017-11-04 02:45:00,24307843.678125
2017-11-05 07:45:00,26177020.926909722
2017-11-06 13:45:00,27609597.90746528
2017-11-07 19:45:00,29355551.467013888
2017-11-09 01:45:00,31068792.5453125
2017-11-10 07:45:00,33333323.49375
2017-11-11 13:45:00,36596888.02916667
2017-11-12 19:45:00,39542960.258854166
2017-11-14 01:45:00,42330622.884375
2017-11-15 07:45:00,46335785.146875
2017-11-16 13:45:00,50031938.34375
2017-11-17 19:45:00,53343186.5671875
2017-11-19 01:45:00,56111783.31388889
2017-11-20 07:45:00,57524366.2765625
2017-11-21 13:45:00,58723769.22951389
2017-11-22 19:45:00,60055238.0265625
2017-11-24 01:45:00,61208221.72673611
2017-11-25 07:45:00,63636058.88819444
2017-11-26 13:45:00,65434421.32864583
2017-11-27 19:45:00,66371980.13107639
2017-11-29 01:45:00,68385710.23680556
2017-11-30 07:45:00,71552402.16822916
2017-12-01 13:45:00,74229362.16666667
2017-12-02 19:45:00,76139199.39270833
2017-12-04 01:45:00,77217313.34340277
2017-12-05 07:45:00,78276599.22881944
2017-12-06 13:45:00,80298941.74947916
2017-12-07 19:45:00,82554030.12760417
2017-12-09 01:45:00,84046319.49704862
2017-12-10 07:45:00,84332121.6
2017-12-11 13:45:00,84672883.80104166
2017-12-12 19:45:00,85300393.09670138
2017-12-14 01:45:00,85995724.34288195
2017-12-15 07:45:00,86297582.87274306
2017-12-16 13:45:00,86429472.97743055
2017-12-17 19:45:00,87117078.47760417
2017-12-19 01:45:00,87939177.94305556
2017-12-20 07:45:00,89706926.78784722
2017-12-21 13:45:00,91467553.49253473
2017-12-22 19:45:00,92859475.28385417
2017-12-24 01:45:00,94721769.5546875
2017-12-25 07:45:00,96803371.42482638
2017-12-26 13:45:00,99341793.10625
2017-12-27 19:45:00,101602590.02569444
2017-12-29 01:45:00,103070179.55989583
2017-12-30 07:45:00,103666707.67916666
2017-12-31 13:45:00,103835343.75572917
2018-01-01 19:45:00,104796386.32395834
2018-01-03 01:45:00,106259924.21857639
2018-01-04 07:45:00,107633920.74548611
2018-01-05 13:45:00,108665697.27048612
2018-01-06 19:45:00,108671763.41649306
2018-01-08 01:45:00,109548292.35208334
2018-01-09 07:45:00,111507679.21857639
2018-01-10 13:45:00,112991179.66475694
2018-01-11 19:45:00,113622335.63038194
2018-01-13 01:45:00,114406660.49461806
2018-01-14 07:45:00,115177968.8125
2018-01-15 13:45:00,115881511.71788195
2018-01-16 19:45:00,114228569.26961805
2018-01-18 01:45:00,114443046.93107639
2018-01-19 07:45:00,114784655.41371527
2018-01-20 13:45:00,114591040.20121528
2018-01-21 19:45:00,114822391.68055555
2018-01-23 01:45:00,115244649.43645833
2018-01-24 07:45:00,115298744.94027779
2018-01-25 13:45:00,115293988.87239583
2018-01-26 19:45:00,114919462.57430555
2018-01-28 01:45:00,113725165.51475695
2018-01-29 07:45:00,112085450.54045139
2018-01-30 13:45:00,109832113.02829862
2018-01-31 19:45:00,107201978.10989584
2018-02-02 01:45:00,104340039.81180556
2018-02-03 07:45:00,101827213.38055556
2018-02-04 13:45:00,98739113.78888889
2018-02-05 19:45:00,95310650.3609375
2018-02-07 01:45:00,91892426.60711806
2018-02-08 07:45:00,88036530.30902778
2018-02-09 13:45:00,83407819.6453125
2018-02-10 19:45:00,79142553.90694444
2018-02-12 01:45:00,74687305.76684028
2018-02-13 07:45:00,70193105.4640625
2018-02-14 13:45:00,66342509.36111111
2018-02-15 19:45:00,64616534.500694446
2018-02-17 01:45:00,60155726.19409722
2018-02-18 07:45:00,56913723.630902775
2018-02-19 13:45:00,54044310.796875
2018-02-20 19:45:00,50437644.63125
2018-02-22 01:45:00,45830625.28993055
2018-02-23 07:45:00,41007802.18611111
2018-02-24 13:45:00,37683971.072916664
2018-02-25 19:45:00,34399350.019965276
2018-02-27 01:45:00,32429914.894444443
2018-02-28 07:45:00,31924008.233333334
2018-03-01 13:45:00,31336666.458680555
2018-03-02 19:45:00,29473395.31059028
2018-03-04 01:45:00,28739798.022395834
2018-03-05 07:45:00,27626526.495833334
2018-03-06 13:45:00,26974130.689583335
2018-03-07 19:45:00,27059453.239236113
2018-03-09 01:45:00,26851428.23888889
2018-03-10 07:45:00,26417235.122743055
2018-03-11 14:45:00,25999025.997743055
2018-03-12 20:45:00,24774246.277083334
2018-03-14 02:45:00,23825808.5390625
2018-03-15 08:45:00,22969122.843055554
2018-03-16 14:45:00,21791522.95972222
2018-03-17 20:45:00,20631407.597743057
2018-03-19 02:45:00,20259486.249305554
2018-03-20 08:45:00,18801338.624305554
2018-03-21 14:45:00,17442722.505381946
2018-03-22 20:45:00,16647583.876215277
2018-03-24 02:45:00,16111826.488020834
2018-03-25 08:45:00,15963689.309722222
2018-03-26 14:45:00,14427097.360590277
2018-03-27 20:45:00,13449381.049131945
2018-03-29 02:45:00,11971826.205555556
2018-03-30 08:45:00,9491925.291319445
2018-03-31 14:45:00,8003315.673263889
2018-04-01 20:45:00,7769672.573611111
2018-04-03 02:45:00,6436129.498958333
2018-04-04 08:45:00,5288398.828993056
2018-04-05 14:45:00,4320764.681944445
2018-04-06 20:45:00,3413970.5633680555
2018-04-08 02:45:00,2607662.1274305554
2018-04-09 08:45:00,1961489.500173611
2018-04-10 14:45:00,1491458.465625
2018-04-11 20:45:00,1353607.2190972222
2018-04-13 02:45:00,1294393.8427083334
2018-04-14 08:45:00,1324761.9616319444
2018-04-15 14:45:00,2031436.5597222222
2018-04-16 20:45:00,2122434.6567708333
2018-04-18 02:45:00,2157019.4776041666
2018-04-19 08:45:00,2147130.267013889
2018-04-20 14:45:00,2142157.9597222223
2018-04-21 20:45:00,2189464.8581597223
2018-04-23 02:45:00,2123786.4515625
2018-04-24 08:45:00,2172580.5029513887
2018-04-25 14:45:00,2235928.3194444445
2018-04-26 20:45:00,2286094.1102430555
2018-04-28 02:45:00,2383912.4149305555
2018-04-29 08:45:00,2439354.347743056
2018-04-30 14:45:00,2436270.658333333
2018-05-01 20:45:00,2438433.3984375
2018-05-03 02:45:00,2487167.144618056
2018-05-04 08:45:00,2684481.769618056
2018-05-05 14:45:00,2713094.211284722
2018-05-06 20:45:00,2663202.845659722
2018-05-08 02:45:00,2728510.8762152777
2018-05-09 08:45:00,2793662.668055556
2018-05-10 14:45:00,2768377.0208333335
2018-05-11 20:45:00,2995165.7979166666
2018-05-13 02:45:00,2977353.3137152777
2018-05-14 08:45:00,2955413.0161458333
2018-05-15 14:45:00,2304843.349479167
2018-05-16 20:45:00,2238174.3666666667
2018-05-18 02:45:00,2263957.7234375
2018-05-19 08:45:00,2286883.0859375
2018-05-20 14:45:00,2253125.873611111
2018-05-21 20:45:00,2210120.271527778
2018-05-23 02:45:00,2240797.152430556
2018-05-24 08:45:00,2200849.8875
2018-05-25 14:45:00,2118559.195659722
2018-05-26 20:45:00,1956793.599826389
2018-05-28 02:45:00,1832524.3928819445
2018-05-29 08:45:00,1796202.4618055555
2018-05-30 14:45:00,1844965.044965278
2018-05-31 20:45:00,1841414.3755208333
2018-06-02 02:45:00,1816085.4770833333
2018-06-03 08:45:00,1609363.9354166666
2018-06-04 14:45:00,2582862.6164930556
2018-06-05 20:45:00,2941491.275347222
2018-06-07 02:45:00,3545620.0569444443
2018-06-08 08:45:00,4815046.765104166
2018-06-09 14:45:00,4826235.206597222
2018-06-10 20:45:00,4601858.903819445
2018-06-12 02:45:00,4569798.493402778
2018-06-13 08:45:00,4964751.827777778
2018-06-14 14:45:00,5010333.433506944
2018-06-15 20:45:00,5029970.193055555
2018-06-17 02:45:00,4945689.972743056
2018-06-18 08:45:00,4914237.752951389
2018-06-19 14:45:00,4942650.488715278
2018-06-20 20:45:00,5399759.089583334
2018-06-22 02:45:00,5405587.173263889
2018-06-23 08:45:00,5445200.234895834
2018-06-24 14:45:00,5406463.740104167
2018-06-25 20:45:00,5475969.693923611
2018-06-27 02:45:00,5955313.290798611
2018-06-28 08:45:00,6430974.352777778
2018-06-29 14:45:00,6379140.799305555
2018-06-30 20:45:00,6460766.329340278
2018-07-02 02:45:00,6451608.050520834
2018-07-03 08:45:00,6885173.579340278
2018-07-04 14:45:00,6549232.758159722
2018-07-05 20:45:00,6181447.789236112
2018-07-07 02:45:00,5518564.994444445
2018-07-08 08:45:00,4193285.0086805555
2018-07-09 14:45:00,4297248.523784722
2018-07-10 20:45:00,4597782.342708333
2018-07-12 02:45:00,4877848.182291667
2018-07-13 08:45:00,6062502.047743056
2018-07-14 14:45:00,7735362.2296875
2018-07-15 20:45:00,8157140.771701389
2018-07-17 02:45:00,8239572.797569444
2018-07-18 08:45:00,8401796.208680555
2018-07-19 14:45:00,8606462.085763888
2018-07-20 20:45:00,8162658.769791666
2018-07-22 02:45:00,8144930.127256945
2018-07-23 08:45:00,8091289.005729167
2018-07-24 14:45:00,8178504.121180556
2018-07-25 20:45:00,8267818.476388888
2018-07-27 02:45:00,7846864.925694444
2018-07-28 08:45:00,7377694.760416667
2018-07-29 14:45:00,7386890.4359375
2018-07-30 20:45:00,7347925.743923611
2018-08-01 02:45:00,7435514.8
2018-08-02 08:45:00,7191132.494097223
2018-08-03 14:45:00,6570799.040451389
2018-08-04 20:45:00,6560177.168055556
2018-08-06 02:45:00,6545892.210763888
2018-08-07 08:45:00,6984275.232986111
2018-08-08 14:45:00,7001605.447222223
2018-08-09 20:45:00,6767313.288888888
2018-08-11 02:45:00,6472835.528472222
2018-08-12 08:45:00,4874648.426215278
2018-08-13 14:45:00,3101316.3838541666
2018-08-14 20:45:00,2728736.4697916666
2018-08-16 02:45:00,2670550.0692708334
2018-08-17 08:45:00,2547379.697395833
2018-08-18 14:45:00,2345345.2217013887
2018-08-19 20:45:00,2305133.3836805555
2018-08-21 02:45:00,2353442.847048611
2018-08-22 08:45:00,2397783.8133680555
2018-08-23 14:45:00,2344031.0484375
2018-08-24 20:45:00,2231708.7803819445
2018-08-26 02:45:00,2184517.197395833
2018-08-27 08:45:00,2160694.297048611
2018-08-28 14:45:00,2254258.3619791665
2018-08-29 20:45:00,2272015.0085069444
2018-08-31 02:45:00,2229299.4163194443
2018-09-01 08:45:00,2067734.7862847222
2018-09-02 14:45:00,2008412.5913194444
2018-09-03 20:45:00,2077701.295138889
2018-09-05 02:45:00,2165851.0534722223
2018-09-06 08:45:00,1909987.3364583333
2018-09-07 14:45:00,1848233.8489583333
2018-09-08 20:45:00,1832604.8022569444
2018-09-10 02:45:00,1822569.490451389
2018-09-11 08:45:00,1882123.7786458333
2018-09-12 14:45:00,1983694.2800347223
2018-09-13 20:45:00,1922623.5965277778
2018-09-15 02:45:00,2295208.5005208333
2018-09-16 08:45:00,2275577.6328125
2018-09-17 14:45:00,2276648.3993055555
2018-09-18 20:45:00,2307485.7399305557
2018-09-20 02:45:00,2275429.8703125
2018-09-21 08:45:00,2268209.269444444
2018-09-22 14:45:00,2294228.773784722
2018-09-23 20:45:00,2260017.7786458335
2018-09-25 02:45:00,2267101.8979166667
2018-09-26 08:45:00,2307402.725173611
2018-09-27 14:45:00,2278161.847743056
2018-09-28 20:45:00,2300621.9211805556
2018-09-30 02:45:00,2260453.6767361113
2018-10-01 08:45:00,2228636.443576389
2018-10-02 14:45:00,2317338.856076389
2018-10-03 20:45:00,2333671.5887152776
2018-10-05 02:45:00,2276800.755729167
2018-10-06 08:45:00,2290662.5072916667
2018-10-07 14:45:00,2227097.101736111
2018-10-08 20:45:00,2232033.7432291666
2018-10-10 02:45:00,2261213.689409722
2018-10-11 08:45:00,2237519.1484375
2018-10-12 14:45:00,2210548.963020833
2018-10-13 20:45:00,2306248.8805555557
2018-10-15 02:45:00,1956545.6361111111
2018-10-16 08:45:00,2008897.5006944444
2018-10-17 14:45:00,2123448.590277778
2018-10-18 20:45:00,2178874.150347222
2018-10-20 02:45:00,2241794.6064236113
2018-10-21 08:45:00,2234350.084375
2018-10-22 14:45:00,2221455.2289930554
2018-10-23 20:45:00,2356242.8696180554
2018-10-25 02:45:00,2482901.099479167
2018-10-26 08:45:00,2556178.4208333334
2018-10-27 14:45:00,2588255.3777777776
2018-10-28 20:45:00,2546691.1980902776
2018-10-30 02:45:00,2682172.5067708334
2018-10-31 08:45:00,2727259.1616319446
2018-11-01 14:45:00,2697219.813888889
2018-11-02 20:45:00,2784596.943229167
2018-11-04 01:45:00,2798478.9560763887
2018-11-05 07:45:00,2731688.490277778
2018-11-06 13:45:00,2869924.7432291666
2018-11-07 19:45:00,3078351.099479167
2018-11-09 01:45:00,3215632.6546875
2018-11-10 07:45:00,3294526.2390625
2018-11-11 13:45:00,3306040.165625
2018-11-12 19:45:00,3235101.177951389
2018-11-14 01:45:00,3342262.384895833
2018-11-15 07:45:00,3586340.966666667
2018-11-16 13:45:00,3764360.841840278
2018-11-17 19:45:00,3765491.4189236113
2018-11-19 01:45:00,3725305.6180555555
2018-11-20 07:45:00,4266001.770138889
2018-11-21 13:45:00,5195708.704166667
2018-11-22 19:45:00,5538672.348958333
2018-11-24 01:45:00,5510681.352604167
2018-11-25 07:45:00,5452407.553125
2018-11-26 13:45:00,5450447.622048611
2018-11-27 19:45:00,5622316.560243055
2018-11-29 01:45:00,5715872.510590278
2018-11-30 07:45:00,5986692.325520833
2018-12-01 13:45:00,6198326.848958333
2018-12-02 19:45:00,6077763.546527778
2018-12-04 01:45:00,6275072.145833333
2018-12-05 07:45:00,6235208.816319444
2018-12-06 13:45:00,6188939.847743056
2018-12-07 19:45:00,6100060.469270834
2018-12-09 01:45:00,5990733.619097223
2018-12-10 07:45:00,5903348.995833334
2018-12-11 13:45:00,5973445.660069444
2018-12-12 19:45:00,6098747.123784722
2018-12-14 01:45:00,6034513.591840277
2018-12-15 07:45:00,5819747.521701389
2018-12-16 13:45:00,5550893.146006945
2018-12-17 19:45:00,5532388.619270833
2018-12-19 01:45:00,5659674.292708334
2018-12-20 07:45:00,5193860.349652777
2018-12-21 13:45:00,4334869.414583334
2018-12-22 19:45:00,3906117.5072916667
2018-12-24 01:45:00,3810839.734375
2018-12-25 07:45:00,3807449.9949652776
2018-12-26 13:45:00,3733221.610763889
2018-12-27 19:45:00,3547365.238020833
2018-12-29 01:45:00,3337728.5440972224
2018-12-30 07:45:00,3071798.1262152777
2018-12-31 13:45:00,2801613.1953125
2019-01-01 19:45:00,2753999.6585069443
2019-01-03 01:45:00,2553196.952951389
2019-01-04 07:45:00,2507829.1925347224
2019-01-05 13:45:00,2456917.624826389
2019-01-06 19:45:00,2297396.996527778
2019-01-08 01:45:00,2288735.6493055555
2019-01-09 07:45:00,2288345.851388889
2019-01-10 13:45:00,2182890.3913194444
2019-01-11 19:45:00,2070828.1984375
2019-01-13 01:45:00,2009425.39375
2019-01-14 07:45:00,1948551.568402778
2019-01-15 13:45:00,1954745.134722222
2019-01-16 19:45:00,2030224.8100694444
2019-01-18 01:45:00,1927271.2880208334
2019-01-19 07:45:00,1880898.0571180556
2019-01-20 13:45:00,1788280.4348958333
2019-01-21 19:45:00,1755912.2489583334
2019-01-23 01:45:00,1828135.2894097222
2019-01-24 07:45:00,1926480.9526041667
2019-01-25 13:45:00,1938374.3494791666
2019-01-26 19:45:00,1984596.5895833333
2019-01-28 01:45:00,1973905.909201389
2019-01-29 07:45:00,2057753.0456597223
2019-01-30 13:45:00,2086907.5557291666
2019-01-31 19:45:00,2139497.8098958335
2019-02-02 01:45:00,2174307.5854166667
2019-02-03 07:45:00,2167243.863888889
2019-02-04 13:45:00,2130173.097395833
2019-02-05 19:45:00,2153286.787152778
2019-02-07 01:45:00,2157725.548784722
2019-02-08 07:45:00,2173585.271875
2019-02-09 13:45:00,2215771.4274305557
2019-02-10 19:45:00,2185273.3413194446
2019-02-12 01:45:00,2571198.098090278
2019-02-13 07:45:00,3099029.7366319443
2019-02-14 13:45:00,3145601.9302083333
2019-02-15 19:45:00,3260185.2885416667
2019-02-17 01:45:00,3322263.7828125
2019-02-18 07:45:00,3310330.806770833
2019-02-19 13:45:00,3424136.5477430555
2019-02-20 19:45:00,3645187.638888889
2019-02-22 01:45:00,3787942.3883680557
2019-02-23 07:45:00,3761222.0730902776
2019-02-24 13:45:00,3789285.2295138887
2019-02-25 19:45:00,3875419.105729167
2019-02-27 01:45:00,3977542.3310763887
2019-02-28 07:45:00,3943920.3934027776
2019-03-01 13:45:00,4082704.745833333
2019-03-02 19:45:00,4215731.005902777
2019-03-04 01:45:00,4213850.514236111
2019-03-05 07:45:00,4314643.358333333
2019-03-06 13:45:00,4406275.640972222
2019-03-07 19:45:00,4550096.887847222
2019-03-09 01:45:00,4560374.372569445
2019-03-10 08:45:00,4551205.246875
2019-03-11 14:45:00,4500211.9140625
2019-03-12 20:45:00,4590788.361111111
2019-03-14 02:45:00,4422735.468229166
2019-03-15 08:45:00,3904602.828472222
2019-03-16 14:45:00,3843900.1574652777
2019-03-17 20:45:00,3593702.7796875
2019-03-19 02:45:00,3481705.982986111
2019-03-20 08:45:00,3472413.714930556
2019-03-21 14:45:00,3471405.5552083333
2019-03-22 20:45:00,3279325.9194444446
2019-03-24 02:45:00,3056220.5713541666
2019-03-25 08:45:00,2940794.890972222
2019-03-26 14:45:00,2976139.099652778
2019-03-27 20:45:00,3264065.0854166667
2019-03-29 02:45:00,3817674.009722222
2019-03-30 08:45:00,4444244.720138889
2019-03-31 14:45:00,4890286.193923611
2019-04-01 20:45:00,5436531.307291667
2019-04-03 02:45:00,6705120.097569444
2019-04-04 08:45:00,8239000.929166666
2019-04-05 14:45:00,9586024.574479166
2019-04-06 20:45:00,9878906.544097222
2019-04-08 02:45:00,9998524.838368056
2019-04-09 08:45:00,10227044.206770834
2019-04-10 14:45:00,10509808.4125
2019-04-11 20:45:00,10647380.90138889
2019-04-13 02:45:00,10513276.624305556
2019-04-14 08:45:00,10561847.48732639
2019-04-15 14:45:00,10676243.79375
2019-04-16 20:45:00,11005801.049479166
2019-04-18 02:45:00,11395202.777083334
2019-04-19 08:45:00,11818836.630208334
2019-04-20 14:45:00,11944878.819097223
2019-04-21 20:45:00,12365942.311979167
2019-04-23 02:45:00,12645877.027777778
2019-04-24 08:45:00,13550411.15173611
2019-04-25 14:45:00,14049417.210763888
2019-04-26 20:45:00,14101050.280729167
2019-04-28 02:45:00,13592214.110243056
2019-04-29 08:45:00,12919928.714930555
2019-04-30 14:45:00,12658375.617708333
2019-05-01 20:45:00,12170225.014756944
2019-05-03 02:45:00,10912734.906423612
2019-05-04 08:45:00,9482742.090625
2019-05-05 14:45:00,8229404.136284722
2019-05-06 20:45:00,7971308.416840278
2019-05-08 02:45:00,8177895.254340278
2019-05-09 08:45:00,8375673.366493056
2019-05-10 14:45:00,8616770.474305555
2019-05-11 20:45:00,9352475.6046875
2019-05-13 02:45:00,9819824.709548611
2019-05-14 08:45:00,9987538.433159722
2019-05-15 14:45:00,10631870.292708334
2019-05-16 20:45:00,11885105.16892361
2019-05-18 02:45:00,13159856.758159723
2019-05-19 08:45:00,13534833.635416666
2019-05-20 14:45:00,13375650.575520834
2019-05-21 20:45:00,13395202.523611112
2019-05-23 02:45:00,13514330.193576388
2019-05-24 08:45:00,12847501.599479167
2019-05-25 14:45:00,12555058.548090277
2019-05-26 20:45:00,12185126.816840278
2019-05-28 02:45:00,12253975.02795139
2019-05-29 08:45:00,12469705.735416668
2019-05-30 14:45:00,12253537.445138888
2019-05-31 20:45:00,12754571.855902778
2019-06-02 02:45:00,13357432.374305556
2019-06-03 08:45:00,13365465.350173611
2019-06-04 14:45:00,13850593.822743056
2019-06-05 20:45:00,13954427.946875
2019-06-07 02:45:00,13640350.68298611
2019-06-08 08:45:00,13392547.419791667
2019-06-09 14:45:00,12899164.794791667
2019-06-10 20:45:00,12002611.234027777
2019-06-12 02:45:00,11764884.405381944
2019-06-13 08:45:00,11881912.220659722
2019-06-14 14:45:00,11556206.231597222
2019-06-15 20:45:00,10452778.535243055
2019-06-17 02:45:00,9074603.080208333
2019-06-18 08:45:00,8966613.276041666
2019-06-19 14:45:00,9270677.892013889
2019-06-20 20:45:00,9171608.277430555
2019-06-22 02:45:00,9693288.635243056
2019-06-23 08:45:00,10508055.460590277
2019-06-24 14:45:00,10296136.493402777
2019-06-25 20:45:00,10548608.563715277
2019-06-27 02:45:00,11323436.58142361
2019-06-28 08:45:00,12762554.289583333
2019-06-29 14:45:00,13611364.018055556
2019-06-30 20:45:00,12891235.580729166
2019-07-02 02:45:00,12587699.517708333
2019-07-03 08:45:00,12823483.255555555
2019-07-04 14:45:00,12302771.068055555
2019-07-05 20:45:00,12183190.841666667
2019-07-07 02:45:00,12122878.659895834
2019-07-08 08:45:00,11944038.490104167
2019-07-09 14:45:00,12126015.214756945
2019-07-10 20:45:00,12645466.13732639
2019-07-12 03:00:00,13294446.055208333
2019-07-13 09:00:00,13304067.9640625
2019-07-14 15:00:00,12884218.9875
2019-07-15 21:00:00,12567775.310416667
2019-07-17 03:00:00,12312889.768402778
2019-07-18 09:00:00,12514610.347569445
2019-07-19 15:00:00,13819616.85486111
2019-07-20 21:30:00,14208497.430729168
2019-07-22 03:30:00,13328816.253472222
2019-07-23 09:30:00,12393959.244270833
2019-07-24 15:30:00,12388397.527777778
2019-07-25 21:30:00,12168796.790972222
2019-07-27 03:30:00,11192854.82517361
2019-07-28 09:30:00,9502762.844965277
2019-07-29 15:30:00,8547389.317881944
2019-07-30 21:30:00,8679558.963541666
2019-08-01 03:30:00,8369965.891319444
2019-08-02 09:30:00,7995217.043576389
2019-08-03 15:30:00,7882737.398611112
2019-08-04 21:30:00,7682181.609548612
2019-08-06 03:30:00,7822656.038368056
2019-08-07 09:30:00,7903235.680034722
2019-08-08 15:30:00,8094167.555729167
2019-08-09 21:30:00,7640420.196354167
2019-08-11 03:30:00,6683186.022395833
2019-08-12 09:30:00,6312935.870486111
2019-08-13 15:30:00,6656279.673090278
2019-08-14 21:30:00,6638500.317361111
2019-08-16 03:30:00,6657432.223784722
2019-08-17 09:30:00,5878130.121875
2019-08-18 15:30:00,4222861.558159722
2019-08-19 21:30:00,3521547.8838541666
2019-08-21 03:30:00,3575647.613020833
2019-08-22 09:30:00,3618096.626388889
2019-08-23 15:30:00,3674617.9946180554
2019-08-24 21:30:00,3559250.7602430554
2019-08-26 03:30:00,3547833.1883680555
2019-08-27 09:30:00,3698413.6706597223
2019-08-28 15:30:00,3778344.7338541667
2019-08-29 21:30:00,3728664.714409722
2019-08-31 03:30:00,3721990.3255208335
2019-09-01 09:30:00,3627677.9053819445
2019-09-02 15:30:00,3622647.387326389
2019-09-03 21:30:00,3734190.675173611
2019-09-05 03:30:00,3770720.879513889
2019-09-06 09:30:00,3738047.9793402776
2019-09-07 15:30:00,3346546.1006944445
2019-09-08 21:30:00,3184278.738368056
2019-09-10 03:30:00,3269966.3878472224
2019-09-11 09:30:00,3300917.7260416667
2019-09-12 15:30:00,2982808.0324652777
2019-09-13 21:30:00,2923195.166145833
2019-09-15 03:30:00,2876648.6319444445
2019-09-16 09:30:00,2801253.55
2019-09-17 15:30:00,2958097.6303819446
2019-09-18 21:30:00,3029087.0881944443
2019-09-20 03:30:00,2982924.238888889
2019-09-21 09:30:00,2894695.9892361113
2019-09-22 15:30:00,2759262.902083333
2019-09-23 21:30:00,2945949.0222222223
2019-09-25 03:30:00,3089627.507465278
2019-09-26 09:30:00,2975377.4831597223
2019-09-27 15:30:00,2927862.2138888887
2019-09-28 21:30:00,2932599.69375
2019-09-30 03:30:00,2883778.9225694444
2019-10-01 09:30:00,3060193.076041667
2019-10-02 15:30:00,3077099.0612847223
2019-10-03 21:30:00,3047733.371180556
2019-10-05 03:30:00,2892101.3022569446
2019-10-06 09:30:00,2820032.8381944443
2019-10-07 15:30:00,2773137.8623263887
2019-10-08 21:30:00,2818628.220486111
2019-10-10 03:30:00,2871580.765798611
2019-10-11 09:30:00,2855221.8649305557
2019-10-12 15:30:00,2830249.498090278
2019-10-13 21:30:00,2745651.7522569443
2019-10-15 03:30:00,2843095.9715277776
2019-10-16 09:30:00,2836309.129166667
2019-10-17 15:30:00,2706976.3979166667
2019-10-18 21:30:00,2648924.1942708334
2019-10-20 03:30:00,2620419.1725694444
2019-10-21 09:30:00,2544636.932986111
2019-10-22 15:30:00,2584711.9911458334
2019-10-23 21:30:00,2388518.745486111
2019-10-25 03:30:00,2378439.058854167
2019-10-26 09:30:00,2525254.6710069445
2019-10-27 15:30:00,2601864.894097222
2019-10-28 21:30:00,2668741.058680556
2019-10-30 03:30:00,2744679.4385416666
2019-10-31 09:30:00,2607298.675347222
2019-11-01 15:30:00,2715957.311111111
2019-11-02 21:30:00,2723884.850173611
2019-11-04 02:30:00,2741642.504166667
2019-11-05 08:30:00,2874293.259548611
2019-11-06 14:30:00,3008839.902083333
2019-11-07 20:30:00,3122773.8381944443
2019-11-09 02:30:00,3109008.3645833335
2019-11-10 08:30:00,3105467.4760416667
2019-11-11 14:30:00,3088755.4234375
2019-11-12 20:30:00,3177262.9559027776
2019-11-14 02:30:00,3246538.9619791666
2019-11-15 08:30:00,3581703.5296875
2019-11-16 14:30:00,6733075.688020834
2019-11-17 20:30:00,7914777.160763889
2019-11-19 02:30:00,8102704.594444444
2019-11-20 08:30:00,8192511.133854167
2019-11-21 14:30:00,8233515.976215278
2019-11-22 20:30:00,8411244.713368056
2019-11-24 02:30:00,8279698.234722222
2019-11-25 08:30:00,8109271.896354167
2019-11-26 14:30:00,8573911.726909723
2019-11-27 20:30:00,8637888.719965277
2019-11-29 02:30:00,8578599.184027778
2019-11-30 08:30:00,8697504.918055555
2019-12-01 14:30:00,8555306.733333332
2019-12-02 20:30:00,8503328.302083334
2019-12-04 02:30:00,8478971.280034723
2019-12-05 08:30:00,8367113.932986111
2019-12-06 14:30:00,8261364.370486111
2019-12-07 20:30:00,8138035.850173611
2019-12-09 02:30:00,7993077.136284722
2019-12-10 08:30:00,8100372.874131944
2019-12-11 14:30:00,8168000.000173612
2019-12-12 20:30:00,8153798.9328125
2019-12-14 02:30:00,7986386.1953125
2019-12-15 08:30:00,7605821.648958334
2019-12-16 14:30:00,4482220.234895834
2019-12-17 20:30:00,3425868.804513889
2019-12-19 02:30:00,3369213.1069444446
2019-12-20 08:30:00,3328014.183680556
2019-12-21 14:30:00,3248681.255902778
2019-12-22 20:30:00,3031542.605381944
2019-12-24 02:30:00,3103249.8543402776
2019-12-25 08:30:00,3104437.408333333
2019-12-26 14:30:00,2504172.4444444445
2019-12-27 20:30:00,2274863.1140625
2019-12-29 02:30:00,2259568.521701389
2019-12-30 08:30:00,2090872.8737847223
2019-12-31 14:30:00,2092368.2315972222
2020-01-01 20:30:00,2065850.4052083334
2020-01-03 02:30:00,2051622.323263889
2020-01-04 08:30:00,2040441.1277777778
2020-01-05 14:30:00,1995043.7182291667
2020-01-06 20:30:00,2045553.0638888888
2020-01-08 02:30:00,2101482.238715278
2020-01-09 08:30:00,2141640.0930555556
2020-01-10 14:30:00,2127936.917708333
2020-01-11 20:30:00,2066025.0010416666
2020-01-13 02:30:00,2044220.3277777778
2020-01-14 08:30:00,2214145.209548611
2020-01-15 14:30:00,2272165.425520833
2020-01-16 20:30:00,2128083.970833333
2020-01-18 02:30:00,2052382.5590277778
2020-01-19 08:30:00,2062435.6364583333
2020-01-20 14:30:00,2066174.8381944445
2020-01-21 20:30:00,2163491.621875
2020-01-23 02:30:00,2141859.8112847223
2020-01-24 08:30:00,2144116.3645833335
2020-01-25 14:30:00,2277109.730034722
2020-01-26 20:30:00,2275984.684201389
2020-01-28 02:30:00,2501106.161979167
2020-01-29 08:30:00,2571227.2819444444
2020-01-30 14:30:00,2600879.6883680555
2020-01-31 20:30:00,2728473.152604167
2020-02-02 02:30:00,2818459.554340278
2020-02-03 08:30:00,2829816.941145833
2020-02-04 14:30:00,2962721.140798611
2020-02-05 20:30:00,2994658.3649305557
2020-02-07 02:30:00,3405488.993923611
2020-02-08 08:30:00,3685604.6125
2020-02-09 14:30:00,3627186.909895833
2020-02-10 20:30:00,3773152.1611111113
2020-02-12 02:30:00,4060394.1880208333
2020-02-13 09:00:00,4284866.318229167
2020-02-14 15:00:00,4295494.334027777
2020-02-15 21:00:00,4419942.164409722
2020-02-17 03:00:00,4365723.482118055
2020-02-18 09:00:00,4347100.910416666
2020-02-19 15:00:00,4440084.750347222
2020-02-20 21:00:00,4541471.518402778
2020-02-22 03:00:00,4542384.117013888
2020-02-23 09:00:00,4527357.926215278
2020-02-24 15:00:00,4451553.376736111
2020-02-25 21:00:00,4577875.030729166
2020-02-27 03:00:00,4492936.761805556
2020-02-28 09:00:00,4491978.734201388
2020-02-29 15:00:00,4469007.061458333
2020-03-01 21:00:00,4337678.750694444
2020-03-03 03:00:00,4372182.408506945
2020-03-04 09:00:00,4635823.829513889
2020-03-05 15:00:00,4701862.936458333
2020-03-06 21:00:00,4753554.952256944
2020-03-08 04:00:00,4303017.108854166
2020-03-09 10:00:00,3864673.709027778
2020-03-10 16:00:00,4036986.4210069445
2020-03-11 22:00:00,4162823.850173611
2020-03-13 04:00:00,4361752.617708334
2020-03-14 12:00:00,4692328.135416667
2020-03-15 18:00:00,4612259.773263888
2020-03-17 00:00:00,4681256.264756944
2020-03-18 06:00:00,4959038.443055555
2020-03-19 12:00:00,5270554.871006944
2020-03-20 18:00:00,5669950.288541666
2020-03-22 00:00:00,5716320.019791666
2020-03-23 06:00:00,5669755.00625
2020-03-24 12:00:00,5843673.285069444
2020-03-25 18:00:00,6006257.740798611
2020-03-27 00:30:00,6206450.134201389
2020-03-28 06:30:00,6168055.779340277
2020-03-29 12:30:00,6121654.575868055
2020-03-30 18:30:00,6135157.371701389
2020-04-01 00:30:00,6198403.347222222
2020-04-02 06:30:00,6157804.330208333
2020-04-03 12:30:00,5948260.037152777
2020-04-04 18:30:00,6124405.0484375
2020-04-06 00:30:00,5975264.694965278
2020-04-07 06:30:00,6243115.129340278
2020-04-08 12:30:00,6305953.1109375
2020-04-09 18:30:00,6302728.718402778
2020-04-11 00:30:00,6090941.593923612
2020-04-12 06:30:00,5608226.376041667
2020-04-13 12:30:00,4893780.237152778
2020-04-14 18:30:00,4880261.298958333
2020-04-16 00:30:00,4803675.1140625
2020-04-17 06:30:00,4578270.254861111
2020-04-18 12:30:00,4579820.998958333
2020-04-19 18:30:00,4100237.0881944443
2020-04-21 00:30:00,3927206.8331597224
2020-04-22 06:30:00,3952214.8335069446
2020-04-23 12:30:00,4741619.281423612
2020-04-24 18:30:00,5454341.081944444
2020-04-26 00:30:00,5844840.016840278
2020-04-27 06:30:00,5855441.611111111
2020-04-28 12:30:00,6006685.914236112
2020-04-29 18:30:00,6109787.213020833
2020-05-01 00:30:00,8085617.732986111
2020-05-02 06:30:00,10377548.74704861
2020-05-03 12:30:00,11134315.0296875
2020-05-04 18:30:00,10891386.60486111
2020-05-06 00:30:00,11150284.937847223
2020-05-07 06:30:00,11124158.076736111
2020-05-08 12:30:00,11992131.403819444
2020-05-09 18:30:00,13870230.57482639
2020-05-11 00:30:00,15093064.48923611
2020-05-12 06:30:00,15663694.785590278
2020-05-13 12:30:00,16420914.77795139
2020-05-14 18:30:00,18107757.366319444
2020-05-16 00:30:00,20711307.447048612
2020-05-17 06:30:00,22962925.476909723
2020-05-18 12:30:00,25094086.2265625
2020-05-19 18:30:00,28089952.838888887
2020-05-21 00:30:00,31558305.248263888
2020-05-22 06:30:00,34808475.74722222
2020-05-23 12:30:00,37482534.374305554
2020-05-24 18:30:00,39665592.559375
2020-05-26 00:30:00,41525342.446354166
2020-05-27 06:30:00,43714759.861631945
2020-05-28 12:30:00,45261338.68541667
2020-05-29 18:30:00,46475870.48038194
2020-05-31 00:30:00,44877529.74375
2020-06-01 06:30:00,42520809.985069446
2020-06-02 12:30:00,42016197.08229167
2020-06-03 18:30:00,42637636.78576389
2020-06-05 00:30:00,42693357.51388889
2020-06-06 06:30:00,42480625.31128472
2020-06-07 12:30:00,41549276.69166667
2020-06-08 18:30:00,39646051.08055556
2020-06-10 00:30:00,38594879.2390625
2020-06-11 06:30:00,38241273.357118055
2020-06-12 12:30:00,37982476.70034722
2020-06-13 18:30:00,36641799.79513889
2020-06-15 00:30:00,33856891.37482639
2020-06-16 06:30:00,31847538.6046875
2020-06-17 12:30:00,29679590.439756945
2020-06-18 18:30:00,26885372.230381943
2020-06-20 00:30:00,23782871.887673613
2020-06-21 06:30:00,20528283.2609375
2020-06-22 12:30:00,16935938.21875
2020-06-23 18:30:00,14819061.111111112
2020-06-25 00:30:00,12994268.93454861
2020-06-26 06:30:00,11176234.652083334
2020-06-27 12:30:00,9540369.168402778
2020-06-28 18:30:00,8286585.845659723
2020-06-30 00:30:00,8082123.000347222
2020-07-01 06:30:00,8517146.041840278
2020-07-02 12:30:00,8410052.442881944
2020-07-03 18:30:00,7977218.124305556
2020-07-05 00:30:00,7783823.313541667
2020-07-06 06:30:00,7763223.612673611
2020-07-07 12:30:00,7885457.726041666
2020-07-08 18:30:00,7984502.369618055
2020-07-10 00:30:00,8083745.148958334
2020-07-11 06:30:00,8048207.132986112
2020-07-12 12:30:00,7585977.172048612
2020-07-13 18:30:00,7425076.363715278
2020-07-15 00:30:00,8402281.486458333
2020-07-16 06:30:00,8900157.741319444
2020-07-17 12:30:00,9641300.822916666
2020-07-18 18:30:00,11175898.290798612
2020-07-20 00:30:00,12249822.959722223
2020-07-21 06:30:00,13632430.866840277
2020-07-22 12:30:00,15761900.791145833
2020-07-23 18:30:00,17526678.2328125
2020-07-25 00:30:00,19716123.330208335
2020-07-26 06:30:00,21205156.397743054
2020-07-27 12:30:00,22380192.18159722
2020-07-28 18:30:00,24240916.110069446
2020-07-30 00:30:00,26175023.0703125
2020-07-31 06:30:00,28099926.598090276
2020-08-01 12:30:00,30559571.538020834
2020-08-02 18:30:00,32683990.467708334
2020-08-04 00:30:00,34314116.96788195
2020-08-05 06:30:00,35626252.91805556
2020-08-06 12:30:00,37212915.01701389
2020-08-07 18:30:00,38756560.66006944
2020-08-09 00:30:00,39895886.661458336
2020-08-10 06:30:00,39961078.20329861
2020-08-11 12:30:00,40499030.335243054
2020-08-12 18:30:00,40729358.83975694
2020-08-14 00:30:00,40091624.29149306
2020-08-15 06:30:00,39631950.369791664
2020-08-16 12:30:00,38740059.11215278
2020-08-17 18:30:00,37142157.634722225
2020-08-19 00:30:00,36891505.60104167
2020-08-20 06:30:00,36715756.111631945
2020-08-21 12:30:00,35296577.3515625
2020-08-22 18:30:00,33682292.940972224
2020-08-24 00:30:00,31087397.799479168
2020-08-25 06:30:00,29957944.196875
2020-08-26 12:30:00,30001837.699131943
2020-08-27 18:30:00,29591201.73454861
2020-08-29 00:30:00,29100549.58003472
2020-08-30 06:30:00,27612836.474131946
2020-08-31 12:30:00,25289815.862152778
2020-09-01 18:30:00,23593153.21284722
2020-09-03 00:30:00,22755510.978819445
2020-09-04 06:30:00,23072732.947395835
2020-09-05 12:30:00,23637015.383680556
2020-09-06 18:30:00,23184527.126736112
2020-09-08 00:30:00,21977496.90607639
2020-09-09 06:30:00,21821465.107291665
2020-09-10 12:30:00,21627253.004166666
2020-09-11 18:30:00,21672600.344444446
2020-09-13 00:30:00,21496458.319270834
2020-09-14 06:30:00,21169084.983680554
2020-09-15 12:30:00,21186312.38420139
2020-09-16 18:30:00,21462591.14392361
2020-09-18 00:30:00,20375912.388368055
2020-09-19 06:30:00,19463882.9640625
2020-09-20 12:30:00,18754219.05798611
2020-09-21 18:30:00,17852509.26371528
2020-09-23 00:30:00,18504805.758854166
2020-09-24 06:30:00,19071153.52326389
2020-09-25 12:30:00,18926430.64826389
2020-09-26 18:30:00,18145438.34045139
2020-09-28 00:30:00,16525107.830555556
2020-09-29 06:30:00,16059233.156597223
2020-09-30 12:30:00,16354681.524652777
2020-10-01 18:30:00,16500112.01267361
2020-10-03 00:30:00,17374870.7890625
2020-10-04 06:30:00,16773277.791145833
2020-10-05 12:30:00,14540984.218402777
2020-10-06 18:30:00,13855506.76076389
2020-10-08 00:30:00,14325348.423784722
2020-10-09 06:30:00,14525819.613715278
2020-10-10 12:30:00,14812721.747222222
2020-10-11 18:30:00,14442270.492013888
2020-10-13 00:30:00,14672683.375868056
2020-10-14 06:30:00,15038506.321701389
2020-10-15 12:30:00,15104364.658333333
2020-10-16 18:30:00,14895431.340277778
2020-10-18 00:30:00,14871193.494618056
2020-10-19 06:30:00,14696871.9875
2020-10-20 12:30:00,15016089.446527777
2020-10-21 18:30:00,15582708.580555556
2020-10-23 00:30:00,16007518.40173611
2020-10-24 06:30:00,16334406.272395832
2020-10-25 12:30:00,16183299.5453125
2020-10-26 18:30:00,16106101.733506944
2020-10-28 00:30:00,18045641.393055554
2020-10-29 06:30:00,20257631.124479167
2020-10-30 12:30:00,22208241.791666668
2020-10-31 18:30:00,24158330.121180557
2020-11-01 23:30:00,24535873.75017361
2020-11-03 05:30:00,26299578.781770833
2020-11-04 11:30:00,28886793.2984375
2020-11-05 17:30:00,30806386.265104167
2020-11-06 23:30:00,33181745.270486113
2020-11-08 05:30:00,35301079.37083333
2020-11-09 11:30:00,35860234.908854164
2020-11-10 17:30:00,35971926.90538195
2020-11-11 23:30:00,35829571.56909722
2020-11-13 05:30:00,35619944.17309028
2020-11-14 11:30:00,35605538.24965278
2020-11-15 17:30:00,35511066.31892361
2020-11-16 23:30:00,35763889.134375
2020-11-18 05:30:00,35914724.209895834
2020-11-19 11:30:00,35837617.47777778
2020-11-20 17:30:00,35571354.16111111
2020-11-21 23:30:00,34264613.85902778
2020-11-23 05:30:00,32565662.454166666
2020-11-24 11:30:00,32117290.15295139
2020-11-25 17:30:00,32833251.38420139
2020-11-26 23:30:00,32381887.051041666
2020-11-28 05:30:00,31088909.31440972
2020-11-29 11:30:00,28814121.340277776
2020-11-30 17:30:00,26308755.95763889
2020-12-01 23:30:00,25610868.585416667
2020-12-03 05:30:00,24597744.04045139
2020-12-04 11:30:00,23636468.980555557
2020-12-05 17:30:00,22651393.99409722
2020-12-06 23:30:00,20283286.147569444
2020-12-08 05:30:00,18167196.423611112
2020-12-09 11:30:00,17251071.573958334
2020-12-10 17:30:00,17773363.638194446
2020-12-11 23:30:00,18365451.17638889
2020-12-13 05:30:00,18824748.5328125
2020-12-14 11:30:00,18652431.611979168
2020-12-15 17:30:00,18914953.819270834
2020-12-16 23:30:00,19326463.699131943
2020-12-18 05:30:00,21617111.9125
2020-12-19 11:30:00,23425722.340104166
2020-12-20 17:30:00,24103489.15295139
2020-12-21 23:30:00,25371428.32170139
2020-12-23 05:30:00,26991689.961631946
2020-12-24 11:30:00,28781131.73125
2020-12-25 17:30:00,29793440.309895832
2020-12-26 23:30:00,29967651.71545139
2020-12-28 05:30:00,30235976.44652778
2020-12-29 11:30:00,31814164.531944446
2020-12-30 17:30:00,33486698.70642361
2020-12-31 23:30:00,34190529.302083336
2021-01-02 05:30:00,33529970.457986113
2021-01-03 11:30:00,32528023.924131945
2021-01-04 17:30:00,31500227.502256945
2021-01-05 23:30:00,31732660.995833334
2021-01-07 05:30:00,32674632.236631945
2021-01-08 11:30:00,34251063.492881946
2021-01-09 17:30:00,36906836.27621528
2021-01-10 23:30:00,39470131.261284724
2021-01-12 05:30:00,42361328.35607639
2021-01-13 11:30:00,45872011.067708336
2021-01-14 17:30:00,49011206.87170139
2021-01-15 23:30:00,51767650.26892361
2021-01-17 05:30:00,52413736.06579861
2021-01-18 11:30:00,53679610.63697917
2021-01-19 17:30:00,55774627.902777776
2021-01-20 23:30:00,57868317.205381945
2021-01-22 05:30:00,59722677.021875
2021-01-23 11:30:00,61300686.827430554
2021-01-24 17:30:00,62060201.59704861
2021-01-25 23:30:00,63311762.95625
2021-01-27 05:30:00,64459427.04513889
2021-01-28 11:30:00,65309394.54392361
2021-01-29 17:30:00,66462402.655555554
2021-01-30 23:30:00,67287947.60225694
2021-02-01 05:30:00,69256944.05763888
2021-02-02 11:30:00,71931293.23177083
2021-02-03 17:30:00,74687590.03038195
2021-02-04 23:30:00,76878521.10069445
2021-02-06 05:30:00,78762294.40416667
2021-02-07 11:30:00,80039056.00625
2021-02-08 17:30:00,79640751.23055555
2021-02-09 23:30:00,79551321.28038195
2021-02-11 05:30:00,79168631.96458334
2021-02-12 11:30:00,78933466.04322916
2021-02-13 17:30:00,78730057.35694444
2021-02-14 23:30:00,78558534.00885417
2021-02-16 05:30:00,78706897.86666666
2021-02-17 11:30:00,78779752.30677083
2021-02-18 17:30:00,78845905.95052083
2021-02-19 23:30:00,78494266.59444444
2021-02-21 05:30:00,78249498.565625
2021-02-22 11:30:00,77498395.134375
2021-02-23 17:30:00,77428350.45520833
2021-02-24 23:30:00,77450132.10086806
2021-02-26 05:30:00,78025319.73090278
2021-02-27 11:30:00,78602289.40399306
2021-02-28 17:30:00,78827269.97204861
2021-03-01 23:30:00,79228853.60277778
2021-03-03 05:30:00,79440570.67881945
2021-03-04 11:30:00,79536691.83923611
2021-03-05 17:30:00,79617022.40434028
2021-03-06 23:30:00,79908250.64652778
2021-03-08 05:30:00,80557797.55260417
2021-03-09 11:30:00,81175949.15729167
2021-03-10 17:30:00,81835839.71284722
2021-03-11 23:30:00,82030694.0203125
2021-03-13 05:30:00,82048575.47326389
2021-03-14 12:30:00,81907073.5328125
2021-03-15 18:30:00,81786346.18298611
2021-03-17 00:30:00,81654781.32326388
2021-03-18 06:30:00,81604712.79149306
2021-03-19 12:30:00,81379680.35381944
2021-03-20 18:30:00,81229107.00364584
2021-03-22 00:30:00,81380457.29739584
2021-03-23 06:30:00,81743241.04045139
2021-03-24 12:30:00,82190254.9045139
2021-03-25 18:30:00,82915556.49722221
2021-03-27 00:30:00,84373511.06822917
2021-03-28 06:30:00,85199608.15086806
2021-03-29 12:30:00,85336193.68767361
2021-03-30 18:30:00,85453125.72378471
2021-04-01 00:30:00,85529172.003125
2021-04-02 06:30:00,85720625.70364584
2021-04-03 12:30:00,85797097.04947917
2021-04-04 18:30:00,85717836.325
2021-04-06 00:30:00,85705125.91649306
2021-04-07 06:30:00,85532515.51684028
2021-04-08 12:30:00,85292753.85833333
2021-04-09 18:30:00,85080227.62552084
2021-04-11 00:30:00,84932054.31909722
2021-04-12 06:30:00,85154243.09913194
2021-04-13 12:30:00,85363216.05086805
2021-04-14 18:30:00,85538897.55868055
2021-04-16 00:30:00,85638154.35138889
2021-04-17 06:30:00,85570427.0329861
2021-04-18 12:30:00,85208414.92083333
2021-04-19 18:30:00,85025349.97413194
2021-04-21 00:30:00,84677332.52743055
2021-04-22 06:30:00,84104297.2986111
2021-04-23 12:30:00,83552123.58159722
2021-04-24 18:30:00,82731297.61701389
2021-04-26 00:30:00,81485585.94288194
2021-04-27 06:30:00,80661837.70711805
2021-04-28 12:30:00,80786310.57274306
2021-04-29 18:30:00,80918242.79409721
2021-05-01 00:30:00,80833357.26597223
2021-05-02 06:30:00,80973427.83489583
2021-05-03 12:30:00,80744786.70746528
2021-05-04 18:30:00,80386568.371875
2021-05-06 00:30:00,79829287.29913194
2021-05-07 06:30:00,78754708.69565973
2021-05-08 12:30:00,77694198.95763889
2021-05-09 18:30:00,76858439.58072917
2021-05-11 00:30:00,75223673.37447916
2021-05-12 06:30:00,72986570.50451389
2021-05-13 12:30:00,70811953.45104167
2021-05-14 18:30:00,68963275.54635416
2021-05-16 00:30:00,67432612.53663194
2021-05-17 06:30:00,65522291.13645833
2021-05-18 12:30:00,64765487.91458333
2021-05-19 18:30:00,64554879.18003472
2021-05-21 00:30:00,64937271.67934028
2021-05-22 06:30:00,65168998.98854167
2021-05-23 12:30:00,65190352.74357639
2021-05-24 18:30:00,64988351.82864583
2021-05-26 00:30:00,64475962.844444446
2021-05-27 06:30:00,64459333.1390625
2021-05-28 12:30:00,63761070.455729164
2021-05-29 18:30:00,62821025.82986111
2021-05-31 00:30:00,60610480.60920139
2021-06-01 06:30:00,57844824.17430556
2021-06-02 12:30:00,55354966.166319445
2021-06-03 18:30:00,52556169.505555555
2021-06-05 00:30:00,49822313.394097224
2021-06-06 06:30:00,47318455.0734375
2021-06-07 12:30:00,44876382.51510417
2021-06-08 18:30:00,42602758.63038194
2021-06-10 00:30:00,41227444.897395834
2021-06-11 06:30:00,40916252.92274305
2021-06-12 12:30:00,40892699.05173611
2021-06-13 18:30:00,39539729.80225694
2021-06-15 00:30:00,38036629.272395834
2021-06-16 06:30:00,36834619.305729166
2021-06-17 12:30:00,34815444.53159722
2021-06-18 18:30:00,31993933.279513888
2021-06-20 00:30:00,28801524.180729166
2021-06-21 06:30:00,26312891.29809028
2021-06-22 12:30:00,24011597.917881943
2021-06-23 18:30:00,22315170.34253472
2021-06-25 00:30:00,20645727.573784724
2021-06-26 06:30:00,17988776.18298611
2021-06-27 12:30:00,15448187.990277778
2021-06-28 18:30:00,13779137.884722222
2021-06-30 00:30:00,14038656.746006945
2021-07-01 06:30:00,15048661.267013889
2021-07-02 12:30:00,16622031.59045139
2021-07-03 18:30:00,18526242.855034724
2021-07-05 00:30:00,19254069.421180554
2021-07-06 06:30:00,19308244.6328125
2021-07-07 12:30:00,19316249.27534722
2021-07-08 18:30:00,18990544.776388887
2021-07-10 00:30:00,18713240.269791666
2021-07-11 06:30:00,17880419.018055554
2021-07-12 12:30:00,16720320.915798612
2021-07-13 18:30:00,16579267.356944444
2021-07-15 00:30:00,16269381.501736112
2021-07-16 06:30:00,16197096.927951388
2021-07-17 12:30:00,16112169.525520833
2021-07-18 18:30:00,16090452.8109375
2021-07-20 00:30:00,15985008.963715278
2021-07-21 06:30:00,15507054.690104166
2021-07-22 12:30:00,14768256.782986112
2021-07-23 18:30:00,13651140.290625
2021-07-25 00:30:00,12613341.428819444
2021-07-26 06:30:00,11931879.021006944
2021-07-27 12:30:00,11646857.09670139
2021-07-28 18:30:00,10631640.532118056
2021-07-30 00:30:00,9186560.69982639
2021-07-31 06:30:00,7294036.069965278
2021-08-01 12:30:00,4912314.724652777
2021-08-02 18:30:00,2919602.3350694445
2021-08-04 00:30:00,2043076.0321180555
2021-08-05 06:30:00,2063357.996875
2021-08-06 12:30:00,2005684.9211805556
2021-08-07 18:30:00,1956293.5710069444
2021-08-09 00:30:00,1875757.4034722222
2021-08-10 06:30:00,1926685.9659722222
2021-08-11 12:30:00,1884920.7508680555
2021-08-12 18:30:00,1885246.3272569445
2021-08-14 00:30:00,1963599.1649305555
2021-08-15 06:30:00,1856188.1307291666
2021-08-16 12:30:00,1872215.2786458333
2021-08-17 18:30:00,2077003.7163194444
2021-08-19 00:30:00,2221366.447395833
2021-08-20 06:30:00,1937123.2458333333
2021-08-21 12:30:00,1992460.7789930555
2021-08-22 18:30:00,1996908.7041666666
2021-08-24 00:30:00,1995077.051736111
2021-08-25 06:30:00,2046859.587847222
2021-08-26 12:30:00,1982005.415798611
2021-08-27 18:30:00,1986039.4086805556
2021-08-29 00:30:00,2005047.6270833334
2021-08-30 06:30:00,2007347.999826389
2021-08-31 12:30:00,2117199.765451389
2021-09-01 18:30:00,2233339.790625